img,class
animals10/raw-img/spiders/OIP-HF0Fcq6kN0su6ktTARQ9WgHaE8.jpeg,8
animals10/raw-img/dog/OIP-oYpAwJogIPmMb62wQqx3OgHaE6.jpeg,4
animals10/raw-img/elephant/OIP-sqR0uy956EHK8A6sMiaS9wAAAA.jpeg,5
animals10/raw-img/sheep/OIP-sQQWw0xUOQQMdlKZQxtXnQHaEn.jpeg,7
animals10/raw-img/chicken/OIP-kXPlLWyIJNvQm9DlQ-wx_AHaFj.jpeg,2
animals10/raw-img/spiders/OIP-bDqMR6A2txTA1YhJyHgy4wHaII.jpeg,8
animals10/raw-img/elephant/eb3db00e2cfc063ed1584d05fb1d4e9fe777ead218ac104497f5c978a4efb4bb_640.jpg,5
animals10/raw-img/cow/OIP-4pXjOYXzFJbQ35nHD4Xz-AHaE_.jpeg,3
animals10/raw-img/butterfly/ee36b5092df01c22d2524518b7444f92e37fe5d404b0144390f8c770a2e9b5_640.jpg,0
animals10/raw-img/cow/OIP-IMEtSmTwPpQ58j11NshumgHaE6.jpeg,3
animals10/raw-img/elephant/OIP-ntOm7LYzDwm1gruSOF-eHwHaEv.jpeg,5
animals10/raw-img/spiders/OIP-Jxh0GEfFcMQqZGRPA5GyUwHaE8.jpeg,8
animals10/raw-img/squirrel/OIP-khK6A9fi1PjsO54Jp7xxvgAAAA.jpeg,9
animals10/raw-img/sheep/OIP-6C5nwq1T5MedRXEqyuvQrQAAAA.jpeg,7
animals10/raw-img/elephant/OIP-5D7w99NsvvmGb_H5KNTI_QHaFj.jpeg,5
animals10/raw-img/cat/1530.jpeg,1
animals10/raw-img/horse/OIP-J-wlYoPbsMFtgQVe8WU1swHaF8.jpeg,6
animals10/raw-img/sheep/OIP-pKG9dxn7KuopdzhhjlJP0wHaFj.jpeg,7
animals10/raw-img/butterfly/OIP-e_hVFrR_7m9Ut4SmbfP7IAHaFj.jpeg,0
animals10/raw-img/horse/OIP-lhAGThoyxOzwn2OQ1PzIEQHaE8.jpeg,6
animals10/raw-img/horse/OIP-UGe-psHo5TLJ6UUFJwCNuQHaGW.jpeg,6
animals10/raw-img/butterfly/OIP-8SaLLzx52m0g01IFCd9ixgHaG5.jpeg,0
animals10/raw-img/horse/OIP-JQ8bMA7HBLqJ7DC9mVE6egHaF7.jpeg,6
animals10/raw-img/chicken/OIP-tbgg-0HYeTB35fvzfnXkHQHaHa.jpeg,2
animals10/raw-img/sheep/OIP-fUtJlyPveauGmcqkgd41LQHaFj.jpeg,7
animals10/raw-img/elephant/OIP-F09MNg2hcBkHAdZUPi0szAHaFj.jpeg,5
animals10/raw-img/sheep/OIP-Yc4SDPQlsdGSsCmGjxFlvQHaE6.jpeg,7
animals10/raw-img/cow/OIP-4BmyOmc9h31VyrB5Jo_V0wHaEc.jpeg,3
animals10/raw-img/squirrel/OIP-6yNDY4C5nr7Su9Yrjmvj2AHaE8.jpeg,9
animals10/raw-img/dog/OIP-OqIZ49kX278zOKv3fRblmgHaGg.jpeg,4
animals10/raw-img/squirrel/OIP-tr7wlv6WKHFgxtWIbXKr3wHaFt.jpeg,9
animals10/raw-img/spiders/OIP-9rRnemxJReEpRdB_-tx5XQHaGe.jpeg,8
animals10/raw-img/sheep/OIP-DRSKYniYZ-2Qa_XVQzJvvQHaF-.jpeg,7
animals10/raw-img/cow/OIP-J5dbeS9jKRVpqtelY56ZFwHaE8.jpeg,3
animals10/raw-img/spiders/OIP-7W4zFP58EhGkTONafpiHLgFJC9.jpeg,8
animals10/raw-img/spiders/OIP-q5yHcfUn-15b9jmb-L2WgQHaFL.jpeg,8
animals10/raw-img/squirrel/OIP-8xHDFyqF2ytAQAMLNa8uRgHaE8.jpeg,9
animals10/raw-img/squirrel/OIP-h8d-0mPCtOnF_KXsHp4-agHaE7.jpeg,9
animals10/raw-img/cow/OIP-DABxAJ08GuU8PrOeezqI1wHaLE.jpeg,3
animals10/raw-img/horse/OIP-GLUAfPNLvlx_AfaFTkEmvQHaFU.jpeg,6
animals10/raw-img/dog/OIP-a71bE-jGIymAvwNtclnjGAHaFj.jpeg,4
animals10/raw-img/chicken/OIP-fV0iSkjAzG_d4NkJ0F5wUQEgDY.jpeg,2
animals10/raw-img/chicken/481.jpeg,2
animals10/raw-img/horse/OIP-HaiKewfYcRETX7350sOxlwHaHC.jpeg,6
animals10/raw-img/chicken/OIP-kYRRogNKZCwhgF7EuhPm9wEgDY.jpeg,2
animals10/raw-img/sheep/e830b10b2df5003ed1584d05fb1d4e9fe777ead218ac104497f5c978a6eab2b0_640.jpg,7
animals10/raw-img/butterfly/OIP-Tj0cuZSXRpMC3XQrrlptUwHaHa.jpeg,0
animals10/raw-img/squirrel/OIP-_k5JGFJdEOADeeI6S5OZLgHaEw.jpeg,9
animals10/raw-img/butterfly/OIP-UkIN9B-LjiJjWSp_PFdbDwHaEo.jpeg,0
animals10/raw-img/horse/OIP-ExX0WQ4QL112iaUo_lTPqQHaEK.jpeg,6
animals10/raw-img/dog/OIP-pF8CoC_AKpgheilb8lvsAgHaJM.jpeg,4
animals10/raw-img/horse/OIP-HVU6iQb5pfosxjum2y6ahQHaEx.jpeg,6
animals10/raw-img/elephant/OIP-9vy_oIBRb3R-YjOjIsVTLwHaE8.jpeg,5
animals10/raw-img/cow/OIP-W-jQsb1yx5qpQxzUgRb9pwHaEK.jpeg,3
animals10/raw-img/dog/OIP-2F6xTTkDAB32x0WLySE2JQHaEt.jpeg,4
animals10/raw-img/cow/OIP-Qeu64WnbEzCudkWUaR8OoAAAAA.jpeg,3
animals10/raw-img/dog/OIP-5W5nP6o4OQfU-pC0rgwEGAHaLG.jpeg,4
animals10/raw-img/cow/OIP-sEj3Pl6aQIsYeI8FnC6T6wHaFj.jpeg,3
animals10/raw-img/butterfly/OIP-Itwede89DDwSDt7DYTTONgHaLH.jpeg,0
animals10/raw-img/horse/OIP-S-ALzRZNhGGoOWqft9PAGwHaFG.jpeg,6
animals10/raw-img/sheep/OIP-WSH5exN5dlElKLy8yLiyLwHaJ4.jpeg,7
animals10/raw-img/sheep/OIP-lOLq2CJuOb2c4ECrAVkFGwHaE0.jpeg,7
animals10/raw-img/sheep/e830b70b2df4013ed1584d05fb1d4e9fe777ead218ac104497f5c978a6eab2b0_640.jpg,7
animals10/raw-img/cat/299.jpeg,1
animals10/raw-img/dog/OIP-U7CoGeopzcsF6any42WZzgHaE8.jpeg,4
animals10/raw-img/butterfly/OIP-eJC9RLSm4FyHYaDEf_TBawHaIy.jpeg,0
animals10/raw-img/horse/OIP-HVmTIAQKHBA0s_Zz-GDR9AHaJQ.jpeg,6
animals10/raw-img/cow/OIP-Z-WVkYy4YwC7JZvbXbOCfQHaFj.jpeg,3
animals10/raw-img/elephant/ea36b20a2cf4083ed1584d05fb1d4e9fe777ead218ac104497f5c978a4efb4bb_640.jpg,5
animals10/raw-img/horse/OIP-o_OMP49D76_VTBTnYx0K9QHaGg.jpeg,6
animals10/raw-img/sheep/OIP-ogU_sIY2Ahhtdy06GLDFtwHaFj.jpeg,7
animals10/raw-img/dog/OIP-ReyEM1RykdbqXiMilRmJmAHaFU.jpeg,4
animals10/raw-img/cow/OIP-qEJOfpbpEoLsTew57PB8RQHaE7.jpeg,3
animals10/raw-img/dog/OIP-wjEQjtoY6rkNxWBjCsk62gHaE7.jpeg,4
animals10/raw-img/squirrel/OIP-bJcMyx6UH6Ii5yP4uB7VGgHaE8.jpeg,9
animals10/raw-img/elephant/OIP-LLa9kY6X8Hx12LlhfEX57gHaFj.jpeg,5
animals10/raw-img/dog/OIP-dk-_pb6e3vpgSCgieR_QVAHaIj.jpeg,4
animals10/raw-img/dog/OIP-LD6SwJA79HTRdaVR29DYkwHaEw.jpeg,4
animals10/raw-img/butterfly/OIP-L4ideDVIoPDnUpnCjrqOfQHaHa.jpeg,0
animals10/raw-img/butterfly/OIP-dWo_1TC1QY8_V7d9vVAVVwHaEo.jpeg,0
animals10/raw-img/squirrel/OIP-KtRy47wFPnSzut4qSAjPRwHaHP.jpeg,9
animals10/raw-img/horse/OIP-p8o7y_T3D00yPh28csp1rAHaFk.jpeg,6
animals10/raw-img/cow/OIP-FPSbt0SyO42upO8F7ef7QwHaKD.jpeg,3
animals10/raw-img/dog/OIP-ET6gFUYEqtU08SYdq-5LRAHaI-.jpeg,4
animals10/raw-img/horse/OIP-R-e73W7Z6TR6R_Mq5ByEmwHaFj.jpeg,6
animals10/raw-img/dog/OIP-Pl3fCk7JP0cwPknKxc8-wQHaE-.jpeg,4
animals10/raw-img/squirrel/OIP-AdRX5EjqwRFkncpNeyzpIgHaHS.jpeg,9
animals10/raw-img/cow/OIP-eAgJ2XiY5Rf3ZqSrF1H-TwHaGl.jpeg,3
animals10/raw-img/squirrel/OIP-S5AHQ7lUGNIFixmZvHBO4wHaFL.jpeg,9
animals10/raw-img/sheep/OIP-tQmF0kwe-oKolG8mPJrB3QHaGJ.jpeg,7
animals10/raw-img/spiders/OIP-eD2xyPHtfhO7QtWTKRN1xwHaFk.jpeg,8
animals10/raw-img/squirrel/OIP-JIkgcW0-NMNoYdlT10lWkAHaFj.jpeg,9
animals10/raw-img/chicken/OIP-B2lFJllWVp6DE6vVtZ_--gAAAA.jpeg,2
animals10/raw-img/cow/OIP-LqHt-AerEoJhXtmyhMNd1QHaEK.jpeg,3
animals10/raw-img/cow/OIP-GgNecpRbpTvl0VRPv52XEgHaGq.jpeg,3
animals10/raw-img/spiders/OIP-R4C6SSsaiyfQIRsGA4elhQHaLH.jpeg,8
animals10/raw-img/cat/1760.jpeg,1
animals10/raw-img/horse/OIP-4k_sWoJ4_9-G1f0emDBVtwHaE6.jpeg,6
animals10/raw-img/butterfly/OIP-nH0TTT46RqT2ws8DFDp9vwHaFq.jpeg,0
animals10/raw-img/cat/1039.jpeg,1
animals10/raw-img/squirrel/OIP-NbTDfv-ZkI3l-sXG-Kz0NgHaE7.jpeg,9
animals10/raw-img/horse/OIP-gCDe1l3dQtnf7-zsMQXmogHaFj.jpeg,6
animals10/raw-img/cow/OIP-QxE2Qwy5E-NYUQU8fw-43gAAAA.jpeg,3
animals10/raw-img/spiders/OIP-M-TQoVj4ZGOuLIMGU-XtEgAAAA.jpeg,8
animals10/raw-img/horse/OIP-n98FizN0L5QJK2VXAjF2RwHaFj.jpeg,6
animals10/raw-img/dog/OIP-rVsW0eJ3MajmvmrtiNyLIAHaGH.jpeg,4
animals10/raw-img/squirrel/OIP-gKlckLC_u_1gGkh7Zh5KkgHaE7.jpeg,9
animals10/raw-img/dog/OIP-LLwSvYMKnPjNR3KZR1kbuAHaF7.jpeg,4
animals10/raw-img/dog/OIP-oQcXqt7mKqAUZgktr3sq8QHaFj.jpeg,4
animals10/raw-img/cow/OIP-DTKWRh3qP0NhCRRm6iuAqAHaFK.jpeg,3
animals10/raw-img/horse/OIP-VJ_aOTfg1-NC-2XRneuCLAHaE8.jpeg,6
animals10/raw-img/chicken/OIP-Z5YNuXq6bNWpZYvlSc1YXQHaI0.jpeg,2
animals10/raw-img/squirrel/OIP-NJSdBYvw7tDvFmJ97V7hfAHaHg.jpeg,9
animals10/raw-img/horse/OIP-HVmTrXkhUEEglFkhP60orAHaE7.jpeg,6
animals10/raw-img/squirrel/OIP--AAQXm1r1q9pQFMH6vjkhwHaFk.jpeg,9
animals10/raw-img/butterfly/OIP-j5GpAVzKafPvwcp4spAsAwHaEy.jpeg,0
animals10/raw-img/spiders/OIP-nLQb7Y_Q5nI8bZFZcFr6fQHaF6.jpeg,8
animals10/raw-img/dog/OIP-36V06uHxmF36SrByih8a1QHaE9.jpeg,4
animals10/raw-img/cow/OIP-wQzNCiq-qtWMNpGXX1P-vAHaE4.jpeg,3
animals10/raw-img/cat/911.jpeg,1
animals10/raw-img/chicken/213.jpeg,2
animals10/raw-img/butterfly/OIP-D81UzIBbA6jr6AGOvRI35gHaIy.jpeg,0
animals10/raw-img/sheep/OIP-Gv5RrQj3YeO7toMcJ_VK1wHaFj.jpeg,7
animals10/raw-img/elephant/e833b80c2afc013ed1584d05fb1d4e9fe777ead218ac104497f5c978a4eebdbd_640.jpg,5
animals10/raw-img/squirrel/OIP-z4OZ9Sudx_MmdoZJLDLxuQHaFj.jpeg,9
animals10/raw-img/elephant/OIP-iwZrMGUIm3KPCDF4aq20tAHaFI.jpeg,5
animals10/raw-img/chicken/1052.jpeg,2
animals10/raw-img/sheep/OIP-86EaYcHH7zov9hZdoLH15QHaD_.jpeg,7
animals10/raw-img/horse/OIP-IDFG8dCue_Z_HXOmzvj55gHaE8.jpeg,6
animals10/raw-img/squirrel/OIP-uWI8fnWbp9rXwxa29AImvQHaMW.jpeg,9
animals10/raw-img/squirrel/OIP-jQfUnT0AZ-frYhT2I7hSJwHaE5.jpeg,9
animals10/raw-img/cat/1663.jpeg,1
animals10/raw-img/butterfly/ea36b4092df7073ed1584d05fb1d4e9fe777ead218ac104497f5c97faee9bdba_640.jpg,0
animals10/raw-img/elephant/e83db70c28f3083ed1584d05fb1d4e9fe777ead218ac104497f5c978a4efb4bb_640.jpg,5
animals10/raw-img/spiders/ea37b00921f3043ed1584d05fb1d4e9fe777ead218ac104497f5c97ca5edb3bd_640.jpg,8
animals10/raw-img/elephant/OIP-iEmQzfhtcaEe2HFsWn_nZAHaFj.jpeg,5
animals10/raw-img/cow/OIP-PVEwg9nT6cT-u2SFaLlw3AHaE8.jpeg,3
animals10/raw-img/spiders/OIP-nmrxFypAxcd9rTrR0T_bsQHaJT.jpeg,8
animals10/raw-img/elephant/OIP-BDKppIWyj9RDfX7H23U4PgHaE6.jpeg,5
animals10/raw-img/horse/OIP-0o5KBoSwuFtz3UHoNetS7gHaFs.jpeg,6
animals10/raw-img/cow/OIP-ejIesdI4re6diOipG-NymAHaFY.jpeg,3
animals10/raw-img/horse/OIP-8MYc6Pe3vxJl5IhR_3UkugHaEx.jpeg,6
animals10/raw-img/butterfly/OIP-bWJvRNWEwJskU6i0uetVMQHaFj.jpeg,0
animals10/raw-img/elephant/OIP-YoLyyzHee6BHTx01rbqSEQHaFh.jpeg,5
animals10/raw-img/cow/OIP-r5-0XSPpwcmgYfX2-2-1igHaE5.jpeg,3
animals10/raw-img/cat/1768.jpeg,1
animals10/raw-img/chicken/OIP-8yyKjZ7mfST7-ngicuc9aAHaIw.jpeg,2
animals10/raw-img/spiders/OIP-fZz5oXC2Br3bxicD8aP0-AHaFj.jpeg,8
animals10/raw-img/sheep/OIP-ytdrG9sHgWN5vuT2tqP9QwHaFj.jpeg,7
animals10/raw-img/cat/557.jpeg,1
animals10/raw-img/dog/OIP-fVwP0RjYilMDNSDlyXyvEwHaGb.jpeg,4
animals10/raw-img/butterfly/OIP-mzBuFgcSD8UHEvfzCF_4bQHaEo.jpeg,0
animals10/raw-img/sheep/OIP-CnU7PzDL2Gdw8Rg2safwHgHaJ4.jpeg,7
animals10/raw-img/cow/OIP-hnSLholxU3YAGnAAMeZRmwHaE8.jpeg,3
animals10/raw-img/squirrel/OIP-J3n-XHF-Q5H33jcnQZWRiwHaE2.jpeg,9
animals10/raw-img/cat/679.jpeg,1
animals10/raw-img/cow/OIP-OvpU3KyV3CeGemy3FWt4_AHaGz.jpeg,3
animals10/raw-img/cow/OIP-oWTuP9VC_qp-ooAC6icv2gHaDu.jpeg,3
animals10/raw-img/sheep/OIP-XsmezcsPXHl0Z1RD4Q99EgHaKQ.jpeg,7
animals10/raw-img/cat/1059.jpeg,1
animals10/raw-img/dog/OIP-i1cw5TmTn46QRrUqcEVp3AHaEo.jpeg,4
animals10/raw-img/chicken/OIP-GUstF25p6LNJWJ9m17D26AHaKH.jpeg,2
animals10/raw-img/elephant/OIP-GY5nQytlOPULX4HBQ4YCyAHaEK.jpeg,5
animals10/raw-img/sheep/OIP-VRMnt5UoQct-rvLTzBB7_wHaFj.jpeg,7
animals10/raw-img/cow/OIP-dGHDDPErXR5X3tpBaPpqfgHaI3.jpeg,3
animals10/raw-img/squirrel/OIP-xHXeD7tZI0rEPljQzpDCCAHaFj.jpeg,9
animals10/raw-img/squirrel/OIP-0TCkBoMQem21wk5x2_ShnQHaFj.jpeg,9
animals10/raw-img/elephant/OIP-krk6Gzwb86iNvKgY6Vyf0AHaFj.jpeg,5
animals10/raw-img/chicken/OIP-d37dYioIHnWI0cLCIH8RpAHaFj.jpeg,2
animals10/raw-img/spiders/OIP-SvLd5ROxhLJSwnAHUi3OegHaE8.jpeg,8
animals10/raw-img/elephant/OIP-WIoOjbfrXeh9rQNdn6p7dgHaHa.jpeg,5
animals10/raw-img/horse/OIP-T7C23ZRDe2UNJbWxiZ3VxQHaGG.jpeg,6
animals10/raw-img/butterfly/ea36b20621f7003ed1584d05fb1d4e9fe777ead218ac104497f5c97faee8b1b8_640.jpg,0
animals10/raw-img/dog/OIP-ZnYNanydt7R0VnS5BKV9IwHaFJ.jpeg,4
animals10/raw-img/horse/OIP-g19S0XYKcTet0Y2n-LEhVwHaHa.jpeg,6
animals10/raw-img/horse/OIP-F0rwRujAhQ69ciOtv1nkVwHaFL.jpeg,6
animals10/raw-img/cat/1937.jpeg,1
animals10/raw-img/cat/1652.jpeg,1
animals10/raw-img/cow/OIP-O7R-mUv4ne-bXBYLms6tAQHaKA.jpeg,3
animals10/raw-img/dog/OIP-JPm1KwiUk2PGfotbPv7LmwHaH6.jpeg,4
animals10/raw-img/squirrel/OIP-ephKOxEDvOgeCQsOGmdvlQAAAA.jpeg,9
animals10/raw-img/cow/OIP-TIv4glo1gRIPcZXz5iMt7wHaEK.jpeg,3
animals10/raw-img/butterfly/OIP-OrZXa1dDrNfAlHw4vgXL9wHaE8.jpeg,0
animals10/raw-img/cat/anete-lusina-609858-unsplash.jpg,1
animals10/raw-img/cat/1425.jpeg,1
animals10/raw-img/cat/ea36b2092df3083ed1584d05fb1d4e9fe777ead218ac104497f5c979aee4b1bf_640.jpg,1
animals10/raw-img/squirrel/OIP-VHJEn00I70DWPz5U8Qp4egHaEC.jpeg,9
animals10/raw-img/cow/OIP-7xc-c-HHuKhNU6tHJsMjkwHaEz.jpeg,3
animals10/raw-img/spiders/OIP-ziReSR7reBXhoIa6gCHiggHaEL.jpeg,8
animals10/raw-img/horse/OIP-3xS-mv0vtzGxK6u6KH-uhgHaE4.jpeg,6
animals10/raw-img/sheep/OIP-LjQ3OKEIjYKafdVA_3-wHAHaFj.jpeg,7
animals10/raw-img/chicken/112.jpeg,2
animals10/raw-img/elephant/OIP-89asCLfqVX9Y8ibOucuOXwHaFR.jpeg,5
animals10/raw-img/elephant/OIP-Bj0SMtXKyG3JI9QOEXTUGgHaDI.jpeg,5
animals10/raw-img/sheep/OIP-GCqqv1TB6awGbSkGz8OksQHaHa.jpeg,7
animals10/raw-img/elephant/eb3db20b20fd063ed1584d05fb1d4e9fe777ead218ac104497f5c978a4efbcb0_640.jpg,5
animals10/raw-img/chicken/OIP-zGQRtkI9Q3Xe7COOH6yJ6gHaFj.jpeg,2
animals10/raw-img/elephant/OIP-SIRVmMvJ4hOcekKToTmlYwHaFj.jpeg,5
animals10/raw-img/horse/OIP-NQnHNFvTbkH77P7f9H-0BQHaFL.jpeg,6
animals10/raw-img/sheep/OIP-z1eVW8vk81IuEkij-qIiMQHaE7.jpeg,7
animals10/raw-img/elephant/OIP-CZ7ziW-q5Tiiik6kWPpVdQHaE9.jpeg,5
animals10/raw-img/horse/OIP-t3urm-iRQ6_WW38isJbXxAHaE8.jpeg,6
animals10/raw-img/dog/OIP-qKOkjAdlBeeu4dliynFNBQHaGN.jpeg,4
animals10/raw-img/elephant/OIP--NZ5o2aTrJ9SOjtMv4ZxewHaFP.jpeg,5
animals10/raw-img/cow/OIP-CjyZJmv4WioJQ7ILZZN7GwHaFa.jpeg,3
animals10/raw-img/cat/1689.jpeg,1
animals10/raw-img/cow/OIP-3Pu0DRMoNZP4ErMAbaZ8KwAAAA.jpeg,3
animals10/raw-img/spiders/OIP-ekEb1nBPKimS2BdASy1yYAEsEs.jpeg,8
animals10/raw-img/butterfly/OIP-3X73w9S7aHtAecFLXl3ThAEsDh.jpeg,0
animals10/raw-img/cow/OIP-__wtYf6sbvlOlMBMHyA3OAAAAA.jpeg,3
animals10/raw-img/cow/OIP-H3tM9DjXXBbW52q5sMcG3AHaE8.jpeg,3
animals10/raw-img/elephant/OIP-eVwf0TY7exxSnUYLepCceAHaIK.jpeg,5
animals10/raw-img/chicken/OIP-PQzsh1Bg9lkWYGvYqMEgvQHaFj.jpeg,2
animals10/raw-img/horse/OIP-yqNaQIDug0L2sd8e3uw0oAHaEs.jpeg,6
animals10/raw-img/butterfly/OIP-M29mBbRvRIXNmD0VH0vIogHaEo.jpeg,0
animals10/raw-img/squirrel/OIP-VTfl9wPSUS7HryFXLKjjCAHaE8.jpeg,9
animals10/raw-img/squirrel/OIP-wjBk05GGOFnoWVBlxtjicQHaE8.jpeg,9
animals10/raw-img/squirrel/OIP-PKHz3rBRYVusFeeBInT49QHaFa.jpeg,9
animals10/raw-img/horse/OIP-H4ttqEYLLij1m7zlDiodZAAAAA.jpeg,6
animals10/raw-img/cow/OIP-flPcc4gjSIbsE2l7sQYIfQHaFJ.jpeg,3
animals10/raw-img/squirrel/OIP-um4_xfqUsC8axBnXfvhdtgHaFi.jpeg,9
animals10/raw-img/cow/OIP-hJeYf79TUPxT8S-gNrc8DAHaE6.jpeg,3
animals10/raw-img/horse/OIP-ZsM4fpsufFh5rhb-pFW1vwHaE6.jpeg,6
animals10/raw-img/horse/OIP-YvYKANStjZAu76ZdnVoXOAHaEK.jpeg,6
animals10/raw-img/chicken/OIP-W78XBYQ0JibkWl4at4_kOAHaIJ.jpeg,2
animals10/raw-img/horse/OIP-0aMd_hJDVuMGMvxr1FTLSQHaGP.jpeg,6
animals10/raw-img/elephant/OIP-yDn1ham7DjZ5oS4zGmiJLgAAAA.jpeg,5
animals10/raw-img/elephant/OIP-0u0uYxhTxsMujbzelz7wKQAAAA.jpeg,5
animals10/raw-img/cat/mikhail-vasilyev-34524-unsplash.jpg,1
animals10/raw-img/chicken/OIP-q8EtC8l7amO5-_p5t9VUgAHaFj.jpeg,2
animals10/raw-img/sheep/OIP-wBK64Y4FqFtcUZHuWEy6qQHaCw.jpeg,7
animals10/raw-img/cat/ea36b40b28f3033ed1584d05fb1d4e9fe777ead218ac104497f5c978a7eebdbb_640.jpg,1
animals10/raw-img/elephant/OIP-0T-7UOb4iXQMEhwTzCXi6gAAAA.jpeg,5
animals10/raw-img/spiders/OIP-GjScRWVxCNuA8CUrpNCAFQHaEJ.jpeg,8
animals10/raw-img/butterfly/OIP-0Rm-Jx_MbSBV5xJrOFU_iQHaFj.jpeg,0
animals10/raw-img/chicken/OIP-36KNbTlfdvhxLRAJFd8JLwHaE7.jpeg,2
animals10/raw-img/butterfly/OIP-IyajAknJhWGAfVEQaXIOZgHaE6.jpeg,0
animals10/raw-img/dog/OIP-SsSkkIJdnBIFjTCoM_k5kAHaFj.jpeg,4
animals10/raw-img/cat/1566.jpeg,1
animals10/raw-img/elephant/OIP--J8rTRP-zHNg0b0dWPYdzwHaE7.jpeg,5
animals10/raw-img/squirrel/OIP-hdCQmaivLhkpoVKkovn0-wHaLJ.jpeg,9
animals10/raw-img/squirrel/OIP-2Lr-iWgO6ztIKZ-kqTMzVgHaFA.jpeg,9
animals10/raw-img/chicken/OIP-RZoSe0h8fNfDFvGpaRa4-wHaHi.jpeg,2
animals10/raw-img/cow/OIP-TklOVWKwBkxdfT3K0SORbwHaHa.jpeg,3
animals10/raw-img/cow/OIP-OR0H8BIXHCgLUL-tVe7d1QHaF8.jpeg,3
animals10/raw-img/elephant/eb33b70c2bf3043ed1584d05fb1d4e9fe777ead218ac104497f5c978a4efbcb0_640.jpg,5
animals10/raw-img/butterfly/e832b4082df5003ed1584d05fb1d4e9fe777ead218ac104497f5c97faee9bdba_640.jpg,0
animals10/raw-img/butterfly/OIP-dPHih5INN4AzzGIXR9pcnwEsDh.jpeg,0
animals10/raw-img/dog/OIP-HztzgAbg0V2A8WF1Yd3d_wHaFQ.jpeg,4
animals10/raw-img/cat/487.jpeg,1
animals10/raw-img/cat/1497.jpeg,1
animals10/raw-img/elephant/OIP-CO7jhq10YTeiZRfjQ3lLmQHaFj.jpeg,5
animals10/raw-img/dog/OIP-nQYMHVZtiyYjG4onbRWjXQHaIO.jpeg,4
animals10/raw-img/elephant/OIP-meYht4dKXc85eXWKuyTjPAHaE6.jpeg,5
animals10/raw-img/sheep/OIP-WPKk1W_xXn3H5l59hkMjlQHaFD.jpeg,7
animals10/raw-img/sheep/OIP-3M_EO71W_Vhm2BX9MfXvYgHaFj.jpeg,7
animals10/raw-img/squirrel/OIP-7d0n3Yba6eCedmKHm65VYgHaE8.jpeg,9
animals10/raw-img/dog/OIP-e3IeTjI2yAbumzzUAy3LCAHaF8.jpeg,4
animals10/raw-img/elephant/ea35b70f2df6073ed1584d05fb1d4e9fe777ead218ac104497f5c978a4efb4bb_640.jpg,5
animals10/raw-img/horse/OIP-1s1EglqH5duR48rOIfovmgEsDw.jpeg,6
animals10/raw-img/cow/OIP-rhwLL2_PmwZ1VLsGduQGngAAAA.jpeg,3
animals10/raw-img/cow/OIP-Xvb76XinVWyl_fSt_z4zvAHaGS.jpeg,3
animals10/raw-img/spiders/OIP-MIqGQgo73ssQz3a3XwilkwHaE8.jpeg,8
animals10/raw-img/elephant/OIP-z6azUmkPF2nT-MsFP3jp3AHaFj.jpeg,5
animals10/raw-img/butterfly/e83db70e2cf0073ed1584d05fb1d4e9fe777ead218ac104497f5c97faeebb5bb_640.png,0
animals10/raw-img/elephant/OIP-1C41S4w6-Kdt-p8mYGA9PAHaFL.jpeg,5
animals10/raw-img/cat/541.jpeg,1
animals10/raw-img/dog/OIP-bSqassAQVbK1gVWyS0prtgHaGY.jpeg,4
animals10/raw-img/cat/ea34b40621f7093ed1584d05fb1d4e9fe777ead218ac104497f5c978a7ebb0bb_640.jpg,1
animals10/raw-img/spiders/OIP-1sAcKcHrJ6l5fdkkImnmUAHaD0.jpeg,8
animals10/raw-img/spiders/OIP-lgqWMk3gaJSYGDmuSDseKgHaE8.jpeg,8
animals10/raw-img/butterfly/OIP-TMMx6pJbq3LSr8QjLmEtOgAAAA.jpeg,0
animals10/raw-img/butterfly/e832b10a2fe90021d85a5854ee454296eb70e3c818b413449df6c87ca3ed_640.jpg,0
animals10/raw-img/sheep/eb3db10a28f1023ed1584d05fb1d4e9fe777ead218ac104497f5c978a6ebb3bf_640.jpg,7
animals10/raw-img/squirrel/OIP-36HuBxk_vxAEQ0qUwIQgrAHaE8.jpeg,9
animals10/raw-img/squirrel/OIP-xLyXqu4LNuaBobjTRt0cnAHaLJ.jpeg,9
animals10/raw-img/spiders/OIP-VMfIo6twe610F9NxWHB3XQHaE7.jpeg,8
animals10/raw-img/cat/1883.jpeg,1
animals10/raw-img/sheep/e835b00d2afd093ed1584d05fb1d4e9fe777ead218ac104497f5c978a6eab2b0_640.jpg,7
animals10/raw-img/horse/OIP-cIXL_QbzY9dStoUhh5FNnQHaFG.jpeg,6
animals10/raw-img/chicken/OIP-gZzXeSGi3eTY8WHLATSWgwHaFj.jpeg,2
animals10/raw-img/horse/OIP-eLv4fZhi9uN4MfW5RvOy8QHaE8.jpeg,6
animals10/raw-img/butterfly/OIP-DpMWtIWQGoBZVEBuDpC1BgDDEs.jpeg,0
animals10/raw-img/cow/OIP-UHLXbry-8XIF6p3TSqi4WwHaEu.jpeg,3
animals10/raw-img/cat/161.jpeg,1
animals10/raw-img/chicken/OIP-d6k8TzfM-O84opSqAMFEFQHaFj.jpeg,2
animals10/raw-img/chicken/OIP-kt8VrthA0UPAleJ-2QMZvQHaFj.jpeg,2
animals10/raw-img/squirrel/OIP-Xt-AuqdJUAX20roecYTF1QHaE8.jpeg,9
animals10/raw-img/sheep/OIP-jW9uZm9cox2kzddQLCN9NAHaE8.jpeg,7
animals10/raw-img/squirrel/OIP-_LTqtCctZiQNdcmxKsvp7QHaEm.jpeg,9
animals10/raw-img/horse/OIP-8xB0n6UD3TAu9YVMZm_XcwHaGe.jpeg,6
animals10/raw-img/horse/OIP-f1_4DUH2k-sgqsQSf2nGZAHaGQ.jpeg,6
animals10/raw-img/elephant/ea37b50b2dfc013ed1584d05fb1d4e9fe777ead218ac104497f5c978a4efbcb0_640.jpg,5
animals10/raw-img/cow/OIP-z4h5WSc1u-tvDoeMEN2DqgHaLQ.jpeg,3
animals10/raw-img/sheep/e836b30c21f4033ed1584d05fb1d4e9fe777ead218ac104497f5c978a6eab2b0_640.jpg,7
animals10/raw-img/cow/OIP-zK3SpUbEx7hwb89nsp7LDQHaFz.jpeg,3
animals10/raw-img/cow/OIP-QavRk_mtjk2lz0AB3E8VlAHaHa.jpeg,3
animals10/raw-img/cow/OIP-Fees6ebtYr8PcRC8zGoW_wHaE8.jpeg,3
animals10/raw-img/chicken/OIP-SZYx2RrGYY72_SDyOI9wjQHaE-.jpeg,2
animals10/raw-img/butterfly/OIP-w8v39flaI58WEE-T8uXWuwHaFX.jpeg,0
animals10/raw-img/elephant/OIP-mxRGiwq6Pal2tVD2Q4YRSAHaFj.jpeg,5
animals10/raw-img/squirrel/OIP-xNXcnStnAUwknYv6q3SAYgHaE8.jpeg,9
animals10/raw-img/spiders/OIP-0PIIz78MuYqCPg8vmFmABQHaEs.jpeg,8
animals10/raw-img/sheep/OIP-4F_8O5DuAk1dW-eQQInJegHaE8.jpeg,7
animals10/raw-img/dog/OIP-_UAONiG9Xdvf5_3STkKzdwHaFK.jpeg,4
animals10/raw-img/cat/1708.jpeg,1
animals10/raw-img/sheep/eb3db1082cf7013ed1584d05fb1d4e9fe777ead218ac104497f5c978a6eab2b0_640.jpg,7
animals10/raw-img/spiders/OIP-gNIsTamv-J2wjgPqXuTB4AAAAA.jpeg,8
animals10/raw-img/butterfly/ea36b20c21f0093ed1584d05fb1d4e9fe777ead218ac104497f5c97faee9bdba_640.jpg,0
animals10/raw-img/cow/OIP-twKy0TrzM9PBtgd0evaJYQAAAA.jpeg,3
animals10/raw-img/horse/OIP-IOs3PdPYAyv_atsshG_6kAHaJQ.jpeg,6
animals10/raw-img/cow/OIP-Fc-Nw9Y67RCn-jqomGBq2QHaFj.jpeg,3
animals10/raw-img/horse/OIP-3Ihl1-2Pk8_otLkFTNxQJQHaJ-.jpeg,6
animals10/raw-img/cat/cat-mapper-max-ogden-204436-unsplash.jpg,1
animals10/raw-img/cat/721.jpeg,1
animals10/raw-img/spiders/OIP-aWtfNp3SyzxxoQDRS1neDQHaE6.jpeg,8
animals10/raw-img/horse/OIP-8HBCxwmOblZO_1JUgFyIDQHaFj.jpeg,6
animals10/raw-img/sheep/OIP-JADEZ7Qkv0NAt_yVWvYqzgHaCY.jpeg,7
animals10/raw-img/cow/OIP-JSaj5EJKcQtMIm-ki_LEOQHaEK.jpeg,3
animals10/raw-img/cow/OIP-7UAq7jilIiY_9Q81GFQUawHaFt.jpeg,3
animals10/raw-img/sheep/OIP-w8feudybShO1HQ1BiiOSnwHaHI.jpeg,7
animals10/raw-img/chicken/189.jpeg,2
animals10/raw-img/elephant/OIP-tntHryCIA6Yo-DsnXjkixwAAAA.jpeg,5
animals10/raw-img/horse/OIP-2uUzT74LJc5VFW2-EHCtSwHaE7.jpeg,6
animals10/raw-img/squirrel/OIP-PcODEiMR1PIUG5Oub2XsPQHaFj.jpeg,9
animals10/raw-img/elephant/OIP-PjLWCz_xFcCrf0qvOLbNEwHaE5.jpeg,5
animals10/raw-img/spiders/OIP-mNd2GgRAButrUuLmNHGV0wHaE7.jpeg,8
animals10/raw-img/cat/621.jpeg,1
animals10/raw-img/horse/OIP-TSf9XiuFWNsYt1OEvIlaDwHaHB.jpeg,6
animals10/raw-img/dog/OIP-F95YUJTD77W7Rj-0S1dQJgHaE7.jpeg,4
animals10/raw-img/butterfly/OIP--MyP_OSXxDXRp6GD5Pci0wHaGS.jpeg,0
animals10/raw-img/dog/OIP-ZdOG7FaKX1_M9vzYKkRcCgHaFj.jpeg,4
animals10/raw-img/cat/594.jpeg,1
animals10/raw-img/cow/OIP-UrSw8KaxCwNCX5HyLY13mQHaFJ.jpeg,3
animals10/raw-img/sheep/e830b90728f4033ed1584d05fb1d4e9fe777ead218ac104497f5c978a6ebb3bf_640.jpg,7
animals10/raw-img/cat/1806.jpeg,1
animals10/raw-img/squirrel/OIP-4yuAjRYyWANlOx1RuLe7cwHaFj.jpeg,9
animals10/raw-img/sheep/OIP-1q8njpU3CldDJf9dMUecQwAAAA.jpeg,7
animals10/raw-img/dog/OIP-1uFKDNprKv32Js9JO2KMCwHaFi.jpeg,4
animals10/raw-img/cat/ea36b90f2bfd083ed1584d05fb1d4e9fe777ead218ac104497f5c978a7eebdbb_640.jpg,1
animals10/raw-img/squirrel/OIP-xHLTzljPsPyGL6irVNxu4QHaEK.jpeg,9
animals10/raw-img/squirrel/OIP-cOSfG5UNrLfBibt3_XX-xgHaEj.jpeg,9
animals10/raw-img/horse/OIP-B9vWd50k6B6taOZXW8qt9gHaE7.jpeg,6
animals10/raw-img/squirrel/OIP-mlNsp6wXIZEoM1Uh1rTzXQAAAA.jpeg,9
animals10/raw-img/chicken/OIP-rJbYxUNBqmDSEBJg7VtuPwHaHa.jpeg,2
animals10/raw-img/sheep/OIP-lsIfa5jThjr-LM46I4aTpgHaE6.jpeg,7
animals10/raw-img/dog/OIP-3iTK03UO9bdVKi6_YGBCKAHaFj.jpeg,4
animals10/raw-img/spiders/OIP-VyG3ftwi5mj31hVC_ZRMxAHaGN.jpeg,8
animals10/raw-img/spiders/OIP-IllBRfmaP37pm5Ap-3m8iQHaFj.jpeg,8
animals10/raw-img/squirrel/OIP-76Vf3V74IP-A4rTqQFLWKQHaJf.jpeg,9
animals10/raw-img/cat/1245.jpeg,1
animals10/raw-img/squirrel/OIP-GsX-XZvHqLoFT9Kv9YWngAHaFj.jpeg,9
animals10/raw-img/butterfly/ea36b60c2af1043ed1584d05fb1d4e9fe777ead218ac104497f5c97faee9bdba_640.jpg,0
animals10/raw-img/horse/OIP-k35mM-lbjLZIzid37Ju1rgHaEK.jpeg,6
animals10/raw-img/chicken/OIP-IPidKQRixdCiV61K3JmaQQHaEO.jpeg,2
animals10/raw-img/butterfly/OIP-NRLWkyWgW45GyLT4O3x2gwHaJ3.jpeg,0
animals10/raw-img/spiders/OIP-4DNls9Nhwu9IjOwdS219eAHaFq.jpeg,8
animals10/raw-img/elephant/eb30b0092bf0003ed1584d05fb1d4e9fe777ead218ac104497f5c978a4efbcb0_640.jpg,5
animals10/raw-img/sheep/OIP-Hr_kHSOcYCl_GU1N6q2ywwAAAA.jpeg,7
animals10/raw-img/spiders/OIP-egeat4QiFVFxtWY2sVOOsgHaFV.jpeg,8
animals10/raw-img/cat/314.jpeg,1
animals10/raw-img/elephant/OIP-az_DYoaZoYdIE06nBNoYTQHaEK.jpeg,5
animals10/raw-img/cat/377.jpeg,1
animals10/raw-img/sheep/OIP-8iY7ZVFjjGv9ugrRTUpUZwHaFj.jpeg,7
animals10/raw-img/butterfly/OIP-RzpKPUPR4zciSV7KcVnvfgHaFh.jpeg,0
animals10/raw-img/squirrel/OIP-V4SSQ1GDZyjQ-JzlOxjCHwHaGP.jpeg,9
animals10/raw-img/elephant/OIP-lLg_IuhbE0EJUvHLY-gUiwHaFj.jpeg,5
animals10/raw-img/elephant/OIP--m1aerbTHlu_7bsA7MBOrAHaFj.jpeg,5
animals10/raw-img/sheep/OIP-u06T6wzFWJU_ZOJ5JDQIngHaE8.jpeg,7
animals10/raw-img/elephant/eb3db80e2bf01c22d2524518b7444f92e37fe5d404b0144390f8c07aa5ecb6_640.jpg,5
animals10/raw-img/elephant/eb3cb30728fd003ed1584d05fb1d4e9fe777ead218ac104497f5c978a4eebdbd_640.jpg,5
animals10/raw-img/squirrel/OIP-rmPEnt-flkCxZXBG7OqsPQHaE7.jpeg,9
animals10/raw-img/cow/OIP-y1HJrLZokPHjYG3f3UlKIQHaE4.jpeg,3
animals10/raw-img/butterfly/OIP-MLGDTEctjH9rqZVnIfEO3wHaF0.jpeg,0
animals10/raw-img/dog/OIP-C4plQ8174gZwQUzZCKCWvQHaE8.jpeg,4
animals10/raw-img/sheep/OIP-q7tLAPzzXFKSMj4i32yopwHaE8.jpeg,7
animals10/raw-img/cat/1199.jpeg,1
animals10/raw-img/spiders/OIP-rP0JGWHHKUboV3exbH4Y8wHaE8.jpeg,8
animals10/raw-img/cat/1636.jpeg,1
animals10/raw-img/cat/ee32b90c29f11c22d2524518b7444f92e37fe5d404b0144390f8c079a4e5b6_640.jpg,1
animals10/raw-img/elephant/OIP-smZo9c9Ng4GI8JjE7X-fhgHaFO.jpeg,5
animals10/raw-img/butterfly/OIP-CzG69-nGQ5fGnCiKsULvpwHaFq.jpeg,0
animals10/raw-img/cat/1046.jpeg,1
animals10/raw-img/cow/OIP-eGFmPkeL8lJlyZ40dg0PBgAAAA.jpeg,3
animals10/raw-img/chicken/OIP-bKM8fa60YBvzSi_4yDYouwHaEK.jpeg,2
animals10/raw-img/horse/OIP-XyK2DoFrXxFrVLUXrQM7yQHaGK.jpeg,6
animals10/raw-img/butterfly/OIP-_OMsWl14sQsMYLGODxZ6kAHaHa.jpeg,0
animals10/raw-img/sheep/OIP-9DYEHfFeHelGRlMZvWQNaQHaEK.jpeg,7
animals10/raw-img/spiders/OIP-1quBGI4xDCDUUqKdHyhG6AHaE8.jpeg,8
animals10/raw-img/dog/OIP-NhGsjwU7OAi2boisIOoAEgHaNK.jpeg,4
animals10/raw-img/dog/OIP-wEpxpLVZkTTfCvej4nV7vgHaHa.jpeg,4
animals10/raw-img/spiders/OIP-KMHnScNbFyN-ug2hrRo4vwHaE8.jpeg,8
animals10/raw-img/squirrel/OIP-uWuyTlAomjXpfTZfBjADLgHaFc.jpeg,9
animals10/raw-img/horse/OIP-Vtih7NDYz77ZDyqXQsQ9qwHaFj.jpeg,6
animals10/raw-img/spiders/OIP-27k-WR7blexDW5Oehf1vGAHaFm.jpeg,8
animals10/raw-img/horse/OIP-AHSrAWtCAg6eLf1ulS9sZwHaE7.jpeg,6
animals10/raw-img/butterfly/ea34b50d29f7003ed1584d05fb1d4e9fe777ead218ac104497f5c97faee8b1b8_640.jpg,0
animals10/raw-img/butterfly/OIP-dpKvuGF9APZ6Yhpu7cebuAHaKH.jpeg,0
animals10/raw-img/chicken/OIP-dj1Z2GKfp-KaEq1ng2egWgHaFj.jpeg,2
animals10/raw-img/spiders/OIP-sKCmYjxaSl1x2fn-MUlKjgHaFj.jpeg,8
animals10/raw-img/spiders/OIP-Lg8aig2jpJfLyOWB6y4VbAHaJd.jpeg,8
animals10/raw-img/dog/OIP---_cJbI6Ei26w5bW1urHewHaCf.jpeg,4
animals10/raw-img/cat/272.jpeg,1
animals10/raw-img/cow/OIP-lI-Puj2qQvZWKja8_MgMGQHaEZ.jpeg,3
animals10/raw-img/elephant/OIP-XAi1ivkAAKgNerQsF1evzgHaE8.jpeg,5
animals10/raw-img/dog/OIP-44sufwzGD3KTq6L0bwwMbQAAAA.jpeg,4
animals10/raw-img/cow/OIP-8j6EeHuNa8ak6Mzv_4ix-wHaFj.jpeg,3
animals10/raw-img/cow/OIP-BvRaInFuiCAZGfFEMQE7ogAAAA.jpeg,3
animals10/raw-img/elephant/OIP-S-SN4f6nyztk3mB9_aI4UwHaEK.jpeg,5
animals10/raw-img/cat/645.jpeg,1
animals10/raw-img/elephant/OIP-noM7qAo-oQslAwNbe2nx3QHaFj.jpeg,5
animals10/raw-img/butterfly/OIP-9gYeF7ZLBM9_hc4zebIjKQHaHa.jpeg,0
animals10/raw-img/elephant/OIP-mUO3DecivQqJLRDJEQUkbQHaE8.jpeg,5
animals10/raw-img/butterfly/OIP-Fu4RuLC1YHAHWF4BKbWERgHaE7.jpeg,0
animals10/raw-img/spiders/OIP-FO3b6gbHEbyE-_RHF-qIRAHaFi.jpeg,8
animals10/raw-img/spiders/OIP-fmcqM_NRlWzkc5muZ9kLvQHaE6.jpeg,8
animals10/raw-img/dog/OIP-IaW4omWfxeCI8YShowq0fgHaJH.jpeg,4
animals10/raw-img/sheep/OIP-zIqEHpGmFhqOyMlLRNAQaAAAAA.jpeg,7
animals10/raw-img/elephant/OIP-I0NWDXrrlj46ublApNdAgwHaHa.jpeg,5
animals10/raw-img/spiders/OIP-W7Oj6hmiJIBhEMu5Zv1YkwHaFa.jpeg,8
animals10/raw-img/cat/kamonnat-onnom-106416-unsplash.jpg,1
animals10/raw-img/butterfly/OIP-GSVk4n8uuaQVJFv_oib0JwHaFj.jpeg,0
animals10/raw-img/elephant/OIP-lANQ3ZCRu6yRAs_DcJ36IAHaEi.jpeg,5
animals10/raw-img/dog/OIP-8EsyXIiIquh5c7ID9yzOuwHaF1.jpeg,4
animals10/raw-img/elephant/OIP-igeAandqB4PkDe1ZEVmaoAHaFj.jpeg,5
animals10/raw-img/spiders/OIP-_2m69784F52zfmsij2Ly1gAAAA.jpeg,8
animals10/raw-img/spiders/OIP-LiaYVqnIYT9kpq_TwYmKJQHaF_.jpeg,8
animals10/raw-img/squirrel/OIP-_CygoxlOH2ORAFiulW4WpQHaFI.jpeg,9
animals10/raw-img/sheep/eb3cb40b2afd033ed1584d05fb1d4e9fe777ead218ac104497f5c978a6ebb3bf_640.jpg,7
animals10/raw-img/sheep/OIP-NTwZMy6yNX_nycN4LuZxPgHaE8.jpeg,7
animals10/raw-img/cat/642.jpeg,1
animals10/raw-img/cat/ea37b90f2df0033ed1584d05fb1d4e9fe777ead218ac104497f5c978a7ebb0bb_640.jpg,1
animals10/raw-img/spiders/OIP-LNaf4NfcYk2w-RVDJ2gZQQHaF5.jpeg,8
animals10/raw-img/squirrel/OIP-4Vj0oEOHmtkhJWuwFil55gHaEo.jpeg,9
animals10/raw-img/cow/OIP-YwhTXfa9RcIO2G-e0OWT3QHaFc.jpeg,3
animals10/raw-img/horse/OIP-IY6yfNSNCZqey3_6qxUYfQHaG2.jpeg,6
animals10/raw-img/elephant/OIP-TMDDDptNJbFk2u6tkNO1FQHaE6.jpeg,5
animals10/raw-img/elephant/OIP-K1xdHsOMKLLPQSRUXbhwRgHaFJ.jpeg,5
animals10/raw-img/cow/OIP-w3Y8wA4lYYPTis8STR5dzgHaFa.jpeg,3
animals10/raw-img/spiders/OIP-MgCgailkT5XkO1XczzQCngHaLK.jpeg,8
animals10/raw-img/elephant/eb33b50e2df4043ed1584d05fb1d4e9fe777ead218ac104497f5c978a4efbcb0_640.jpg,5
animals10/raw-img/cow/OIP-Qms-pUyu5mCx0vB9G19fBgHaHa.jpeg,3
animals10/raw-img/spiders/OIP-Ejr-WL3ngIDbdkJRsU7D8wHaED.jpeg,8
animals10/raw-img/spiders/OIP-b3pRpLnfvkz_xKYb01GycQHaFj.jpeg,8
animals10/raw-img/cow/OIP-23fps5xF_1X8Fs4YgPhEiwHaFQ.jpeg,3
animals10/raw-img/sheep/OIP-W2ao8BbXx89mBjM_9pWsCwHaFj.jpeg,7
animals10/raw-img/cat/1521.jpeg,1
animals10/raw-img/sheep/OIP-EFSASrOmZko9gwyQNcKVuwHaE-.jpeg,7
animals10/raw-img/dog/OIP-dFmqCAnJkFCrmkNZekL-DAHaHa.jpeg,4
animals10/raw-img/dog/OIP-u6Yqc65h4BXEcsEwsqQ4QAHaFj.jpeg,4
animals10/raw-img/horse/OIP-P-xDbclXqdgQHuxBB0VzAQAAAA.jpeg,6
animals10/raw-img/squirrel/OIP-ho5X5lEI6QRnikHb2n9nOQHaFj.jpeg,9
animals10/raw-img/squirrel/OIP-_kiyj8R2JYihtRF0_MURRQHaE8.jpeg,9
animals10/raw-img/elephant/OIP-ofhc3DH8-MGVzYGr5IS2zgHaEK.jpeg,5
animals10/raw-img/chicken/OIP-pfz-KV7jE1lpuF8QXoJ9zAHaFs.jpeg,2
animals10/raw-img/cat/1233.jpeg,1
animals10/raw-img/dog/OIP-sifO6fFXz47jt6lPlaDNegHaE7.jpeg,4
animals10/raw-img/horse/OIP-ULjd23q7kBp-DMFrot4bPgHaHu.jpeg,6
animals10/raw-img/spiders/OIP-E-5BBn7VuuPB9qCqe8lkNAHaGG.jpeg,8
animals10/raw-img/spiders/OIP-ZbJ0uMSq6BoPcN1f6OQrWgHaFL.jpeg,8
animals10/raw-img/squirrel/OIP-d3mt5_f21GjWudTbFgbhXwHaFJ.jpeg,9
animals10/raw-img/squirrel/OIP-0GZlVDOLvJ6v3ypXwXcykQHaEK.jpeg,9
animals10/raw-img/dog/OIP-J45h0tKSgRvrRKRlv-xaCwHaEy.jpeg,4
animals10/raw-img/sheep/ea36b70c2cfd063ed1584d05fb1d4e9fe777ead218ac104497f5c978a6e8b0b1_640.jpg,7
animals10/raw-img/dog/OIP-zD-_aQQKah2aQ140r6MDPAHaE8.jpeg,4
animals10/raw-img/squirrel/OIP-c9til5b5hxHM-YYqYO-ajwHaGV.jpeg,9
animals10/raw-img/cow/OIP-5HGIW1D-FcPjzWxNmyBF-QHaEK.jpeg,3
animals10/raw-img/butterfly/eb35b80e29f51c22d2524518b7444f92e37fe5d404b0144390f8c770a2e9b5_640.jpg,0
animals10/raw-img/horse/OIP-6aT8TSqDVXvPueM8j_6SmAHaMW.jpeg,6
animals10/raw-img/elephant/ea37b80b21f3093ed1584d05fb1d4e9fe777ead218ac104497f5c978a4efbcb0_640.jpg,5
animals10/raw-img/dog/OIP-dJSJ0YhO7dob-SOKZLZFugHaE7.jpeg,4
animals10/raw-img/cat/1386.jpeg,1
animals10/raw-img/cat/ea36b20b28f2063ed1584d05fb1d4e9fe777ead218ac104497f5c978a7e8b7bc_640.jpg,1
animals10/raw-img/sheep/OIP-zmoNqfqAgJ3lAJ5cj4uzKgHaER.jpeg,7
animals10/raw-img/chicken/OIP-v1Gm2fW6vU2nmNtZAaCd_QHaFj.jpeg,2
animals10/raw-img/horse/OIP-dlzbMVFWNtlMN2slx2hiDAHaE-.jpeg,6
animals10/raw-img/spiders/OIP-x-NEa_XPJcfcN1Tz3j337QHaE9.jpeg,8
animals10/raw-img/butterfly/OIP-FOXHj16g7NhF0HtSUzuniQHaEr.jpeg,0
animals10/raw-img/cow/OIP-cnQv1a0iU9Ho3Q62Bxv9FgHaIV.jpeg,3
animals10/raw-img/cow/OIP-WWHwYuBtHD3uCewPOJoJigHaFj.jpeg,3
animals10/raw-img/horse/OIP-KT-tDe-ywWysQOmAm4I4tgHaEK.jpeg,6
animals10/raw-img/cat/eb34b0062cf0063ed1584d05fb1d4e9fe777ead218ac104497f5c978a7eebdbb_640.jpg,1
animals10/raw-img/spiders/OIP-LB448b0m-T52p247wyavNgDTEn.jpeg,8
animals10/raw-img/cow/OIP-clQlJfemDk9MNmfahUGAfgHaEg.jpeg,3
animals10/raw-img/horse/OIP-4qPU4AZycLZlpRyqN3qq4gHaFt.jpeg,6
animals10/raw-img/dog/OIP-yOs7IBqMlgZvVbQjCcA4JQHaJL.jpeg,4
animals10/raw-img/sheep/OIP-tW5uO61hHguZEbAh4EXM3gAAAA.jpeg,7
animals10/raw-img/butterfly/OIP-rviItH5zRqoCdOX-NFPAwQHaJC.jpeg,0
animals10/raw-img/cat/904.jpeg,1
animals10/raw-img/cat/eb3cb90829f6093ed1584d05fb1d4e9fe777ead218ac104497f5c978a7eebdbb_640.jpg,1
animals10/raw-img/spiders/ea36b50928fc073ed1584d05fb1d4e9fe777ead218ac104497f5c97ca5edb3bd_640.jpg,8
animals10/raw-img/chicken/OIP-q5YdlP3Nh4eroH7X3BJxGQHaE7.jpeg,2
animals10/raw-img/cow/OIP-KNsXHHUFOsq21eRnARmZ7AHaFj.jpeg,3
animals10/raw-img/dog/OIP-f0AzDZ7mEjUOrVdQukCnTwHaFj.jpeg,4
animals10/raw-img/elephant/e834b60f29f4023ed1584d05fb1d4e9fe777ead218ac104497f5c978a4efbcb0_640.jpg,5
animals10/raw-img/sheep/OIP-Y8S57P0_y7NfYJTdreuA3wAAAA.jpeg,7
animals10/raw-img/cat/1587.jpeg,1
animals10/raw-img/sheep/OIP-IcXpP-PARAlKNQVEda_McwHaE8.jpeg,7
animals10/raw-img/dog/OIP-kvfYrgHxfh3mOdBBom70mAHaFj.jpeg,4
animals10/raw-img/squirrel/OIP-bTmNAKXsNKr6VLV9wNBuTgHaFj.jpeg,9
animals10/raw-img/dog/OIP-K-3A_fED_5wzTO9fxwMxkwHaFP.jpeg,4
animals10/raw-img/cow/OIP-KD5vKvNSjTK8aHueRHz5uQAAAA.jpeg,3
animals10/raw-img/spiders/OIP-aUL1Z1Q7MvQtaBxLOzWO4wHaFj.jpeg,8
animals10/raw-img/horse/OIP-Cc-4upBhapLyZYgsFiZlNQHaE9.jpeg,6
animals10/raw-img/spiders/OIP-90VFYiqIObXPk-2G6qHXLgHaEK.jpeg,8
animals10/raw-img/sheep/OIP-2nESsHt1Hc6yLBPFoNnGDgHaFj.jpeg,7
animals10/raw-img/cat/1221.jpeg,1
animals10/raw-img/horse/OIP-KOL6lSWC_eHCNnMmym97LgHaE9.jpeg,6
animals10/raw-img/horse/OIP-ZcKA7f_5eb52VcKcSrdn4wAAAA.jpeg,6
animals10/raw-img/cow/OIP-lU-RAPU4wSBA-3W8JWYtCgHaFj.jpeg,3
animals10/raw-img/chicken/OIP-X5I-OsXafG1Vj11-mRbQTwEnDT.jpeg,2
animals10/raw-img/chicken/OIP-gg6pBeNqsUE-EhAuM-Dj-QHaFC.jpeg,2
animals10/raw-img/elephant/OIP-U8lj9ZeNgvoAB5dqhmYCsgHaEL.jpeg,5
animals10/raw-img/squirrel/OIP-a1HFPOOx8hCh4TtDk6ChFgHaGX.jpeg,9
animals10/raw-img/chicken/522.jpeg,2
animals10/raw-img/dog/OIP-n7-oefo4cHTmh2osAPW5kwHaFg.jpeg,4
animals10/raw-img/dog/OIP-8Mq485nNPSnnYiePGlUPngHaEj.jpeg,4
animals10/raw-img/squirrel/OIP-rl5xs9u_dzZ4ytBgmhmfOQHaFj.jpeg,9
animals10/raw-img/elephant/ea35b60a2ff7073ed1584d05fb1d4e9fe777ead218ac104497f5c978a4efbcb0_640.jpg,5
animals10/raw-img/spiders/ea36b50720f6043ed1584d05fb1d4e9fe777ead218ac104497f5c97ca5edb3bd_640.jpg,8
animals10/raw-img/sheep/OIP-6vuyaHFRTHvNtJpUlOEewAHaJy.jpeg,7
animals10/raw-img/spiders/OIP-YDtIRSYMni6wgTHCRNDE3gHaJ7.jpeg,8
animals10/raw-img/cat/1920.jpeg,1
animals10/raw-img/squirrel/OIP-wYAQ5t0n29TRNPZleLxTDgHaE8.jpeg,9
animals10/raw-img/dog/OIP-qvIqk47J2Z3_HEFR5GYxhgHaFi.jpeg,4
animals10/raw-img/sheep/OIP-yWXeviymYuTZ9hrf-Vs6pgHaDD.jpeg,7
animals10/raw-img/cat/max-boettinger-486490-unsplash.jpg,1
animals10/raw-img/cat/1074.jpeg,1
animals10/raw-img/cat/1443.jpeg,1
animals10/raw-img/chicken/OIP-VCfOqMNMYhVA28o0wD-McgHaFj.jpeg,2
animals10/raw-img/cow/OIP-JUFO8O0wrhLFJNeC-NcNKgAAAA.jpeg,3
animals10/raw-img/spiders/OIP-gmURK5FoE89BW_4voPMsuQHaE8.jpeg,8
animals10/raw-img/dog/OIP-StpiSMAr1wD46cX1-4oDqwHaED.jpeg,4
animals10/raw-img/horse/OIP-KTwcd2AU6C0xkI7-Pqk-HAHaE7.jpeg,6
animals10/raw-img/sheep/OIP-0Ix5dkeq_-a91GGfmYxy_wHaKJ.jpeg,7
animals10/raw-img/sheep/OIP-qxeQFZTOooIdk-uLkvGLhQHaF0.jpeg,7
animals10/raw-img/dog/OIP-GFRKy9ZK5NjRvJCWK0bPMgHaJP.jpeg,4
animals10/raw-img/elephant/e83db7072df6033ed1584d05fb1d4e9fe777ead218ac104497f5c978a4eebdbd_640.jpg,5
animals10/raw-img/chicken/OIP-bMckfxKOx_PDqIPtzvbEPwHaFs.jpeg,2
animals10/raw-img/dog/OIP-CX-iFk4nCc-yyLaGget_PgHaGe.jpeg,4
animals10/raw-img/spiders/OIP-O3gAIBhn15gCfRtk-9cSSQHaFj.jpeg,8
animals10/raw-img/squirrel/OIP-_7pz-4WgSloa6KRjq6DozAHaFj.jpeg,9
animals10/raw-img/dog/OIP-qrM3ULavKWTsFD3QY5yVJgHaFa.jpeg,4
animals10/raw-img/cow/OIP-KvozPUk3ilqbqmwzFPV-QQHaDb.jpeg,3
animals10/raw-img/dog/OIP-tVdUOtxlnY6vPh9BAPTUkQHaI-.jpeg,4
animals10/raw-img/chicken/OIP-kOAYzsrgS4LHeZfNrBqG7wHaE9.jpeg,2
animals10/raw-img/horse/OIP-vMuFoZkMje_syrxIVxqnNQHaFj.jpeg,6
animals10/raw-img/squirrel/OIP-B-tekNNdhRmYFkC2HipLQgHaEK.jpeg,9
animals10/raw-img/butterfly/OIP-G4CCvVoySi0l26aj6f7hswHaFc.jpeg,0
animals10/raw-img/butterfly/OIP-Caymt4vrE2ZYVuniWS-CEAHaIF.jpeg,0
animals10/raw-img/cow/OIP-OhUXqwezMaZ2erOM82TWDgHaFl.jpeg,3
animals10/raw-img/cow/OIP-dYGqvRO_gEI5g83g7eQW6QHaD_.jpeg,3
animals10/raw-img/sheep/ea36b10821f31c22d2524518b7444f92e37fe5d404b0144390f8c078a2e8bc_640.jpg,7
animals10/raw-img/squirrel/OIP-rxioFm2GgP2dbbTQgzptYAHaE8.jpeg,9
animals10/raw-img/dog/OIP-MMHMQ-NI3n41kjEN82uRmgHaFH.jpeg,4
animals10/raw-img/chicken/OIP-WDsz9u6N8HJvHzgoiCl3GwHaFj.jpeg,2
animals10/raw-img/spiders/OIP-gWzu6IZi_3rhmrNzxRjOXgHaHf.jpeg,8
animals10/raw-img/cat/714.jpeg,1
animals10/raw-img/cow/OIP-bbxgVLsEESDs5gnvEzyFIwAAAA.jpeg,3
animals10/raw-img/dog/OIP-XOMNh0eEAbPFp-T45RacsAHaHa.jpeg,4
animals10/raw-img/dog/OIP-a7FzPkRGDGH1JI9V_N-8pQHaHa.jpeg,4
animals10/raw-img/butterfly/OIP-CTeDdcx_p_7cU5fnwy4yxAHaFj.jpeg,0
animals10/raw-img/cat/1582.jpeg,1
animals10/raw-img/butterfly/OIP-KUO7sEPaR6usqUMe_bUewwHaEr.jpeg,0
animals10/raw-img/sheep/OIP-R26RaAW_LqEAO1zN04halwHaEV.jpeg,7
animals10/raw-img/chicken/OIP-DEfnTKuxV78sbQBuqL7FMQHaHa.jpeg,2
animals10/raw-img/cow/OIP-UeKw29MHZ5GL78Gh1l9IZgHaHa.jpeg,3
animals10/raw-img/spiders/OIP-ynBaRLCcIBEDsdCnnYCxjgHaE7.jpeg,8
animals10/raw-img/chicken/OIP-3gSfe4O3T38uzLLJMA_GmQHaE7.jpeg,2
animals10/raw-img/elephant/OIP-6Ntvq4cYtEJ0yvhQCiJG9AHaHa.jpeg,5
animals10/raw-img/elephant/OIP-J-HxscTy7E7065vLmdziUgHaEI.jpeg,5
animals10/raw-img/squirrel/OIP-tcbnNKA5ed8plR12ycMl8wAAAA.jpeg,9
animals10/raw-img/squirrel/OIP-EXoZnUU65EKPgb0t-K0vOAHaFI.jpeg,9
animals10/raw-img/dog/OIP-CSsrqS4AE_T3o-im1X9xxQHaE_.jpeg,4
animals10/raw-img/butterfly/OIP-sqn2YAGoUw5v9JR2qtbCVgHaHa.jpeg,0
animals10/raw-img/butterfly/OIP-Cnz_P8vTWyFFch39cozgeQHaFO.jpeg,0
animals10/raw-img/dog/OIP-nvucSJG_Dy5Q733akajPtQHaFj.jpeg,4
animals10/raw-img/spiders/OIP-om104VErnosd58tamzN3hAHaJ4.jpeg,8
animals10/raw-img/dog/OIP-LgbZBRDDbmMm4J5fubMBrAHaE7.jpeg,4
animals10/raw-img/squirrel/OIP-Nqma4sk-gIIm3L0zFpvyogHaKd.jpeg,9
animals10/raw-img/cow/OIP-DKSEFN5KdGDzJHwiRv2E_AHaFj.jpeg,3
animals10/raw-img/spiders/OIP-8a56mQXnuW_VFqPtR0Q4ZQHaFj.jpeg,8
animals10/raw-img/butterfly/OIP-HfRRsUNe1s3k6XgIaG6_vwHaE8.jpeg,0
animals10/raw-img/squirrel/OIP-F819_ub84oUSQDg9VjERhQHaFf.jpeg,9
animals10/raw-img/horse/OIP-J74k9sRQfvsrqnJnb2C7YwHaE7.jpeg,6
animals10/raw-img/sheep/OIP-yr0ipS-MVSM_4SamCIG6hwHaE8.jpeg,7
animals10/raw-img/horse/OIP-Hu14V4pzaB5vsC5IA0KznQHaGM.jpeg,6
animals10/raw-img/elephant/OIP-_tZnd3cjTmivAJ3waOQTDgHaF7.jpeg,5
animals10/raw-img/sheep/OIP-94qaOOEdBaf9sQlBKbFoXwHaFj.jpeg,7
animals10/raw-img/elephant/OIP-6AGmEIjMFTMnSrnXno2fCwHaFw.jpeg,5
animals10/raw-img/squirrel/OIP-IUpzgDgchfsm5j5AcT6rrwHaE8.jpeg,9
animals10/raw-img/cow/OIP-Dthezs8XlF5-N7hUrFNS3wHaFd.jpeg,3
animals10/raw-img/sheep/ea37b0082af3013ed1584d05fb1d4e9fe777ead218ac104497f5c978a6e8b0b1_640.jpg,7
animals10/raw-img/cow/OIP-kaF_0SMubsvgF8wexWxz6AHaEo.jpeg,3
animals10/raw-img/chicken/OIP-2DJyMQtPudbkH28pc1PCowHaG7.jpeg,2
animals10/raw-img/sheep/OIP-Kx0kc9BsVaTjtedJ12fDsAHaEK.jpeg,7
animals10/raw-img/butterfly/OIP-iV8MrAuqFWCoyQF1eTFQdgHaFj.jpeg,0
animals10/raw-img/cat/1545.jpeg,1
animals10/raw-img/butterfly/OIP-q_4W8sh5YuUSrGMLafXdaQHaEo.jpeg,0
animals10/raw-img/squirrel/OIP-cT8e_0b0zgf9zO6TSnPRAwHaFj.jpeg,9
animals10/raw-img/dog/OIP-ysr6e0rJOOkB-ia7QSwuAwHaIV.jpeg,4
animals10/raw-img/squirrel/OIP-DZqtS35Fb3ZkrhUEjmG6FQHaE1.jpeg,9
animals10/raw-img/chicken/OIP-zZxAg0jck1erWmaJz9wbigHaHa.jpeg,2
animals10/raw-img/horse/OIP-jqjnI-BWj-9BkPeqZetiggAAAA.jpeg,6
animals10/raw-img/dog/OIP-oCwgh_VpXvemmcpZtG4r6QHaJ4.jpeg,4
animals10/raw-img/spiders/OIP-Aj95iuheAvKdGU_7ZMTIWgHaE8.jpeg,8
animals10/raw-img/spiders/OIP-X-6To3pyhPOK3sDPmNVHYAHaE8.jpeg,8
animals10/raw-img/horse/OIP-GEAjRYV5KQTK3NafDWqs5wHaFR.jpeg,6
animals10/raw-img/elephant/OIP-cVaGQ7MaU3Sghm9UzNMMdAHaE8.jpeg,5
animals10/raw-img/butterfly/OIP-hbb2eDfHkgbko8tURcsozgHaEK.jpeg,0
animals10/raw-img/chicken/OIP-Azd9bck5HPAKBcFpzPrxSwHaFQ.jpeg,2
animals10/raw-img/butterfly/OIP-944Cj0_0VTBgX_2BSzsllgHaGJ.jpeg,0
animals10/raw-img/cat/1250.jpeg,1
animals10/raw-img/cat/60.jpeg,1
animals10/raw-img/cat/1263.jpeg,1
animals10/raw-img/sheep/OIP-n4h1WvTqudJdicwDD4sEtgHaGk.jpeg,7
animals10/raw-img/spiders/eb31b80e20f2093ed1584d05fb1d4e9fe777ead218ac104497f5c97ca5ecb5b1_640.jpg,8
animals10/raw-img/cow/OIP-Sxib1kN2J8gmTApOtD5hAAHaE9.jpeg,3
animals10/raw-img/elephant/OIP-mnvPiNEt8dnMf4USvY5DLQHaEo.jpeg,5
animals10/raw-img/elephant/eb3cb30c21f5033ed1584d05fb1d4e9fe777ead218ac104497f5c978a4efb4bb_640.jpg,5
animals10/raw-img/spiders/OIP-A55ex6ZHLY3QZ2Oxh78fQQAAAA.jpeg,8
animals10/raw-img/cow/OIP-xLI-wXmRlAnrkYW4xDwljQHaFw.jpeg,3
animals10/raw-img/dog/OIP-bX1wwYKGEKLtQ655ER5GvgHaFW.jpeg,4
animals10/raw-img/dog/OIP-gB5TUj-ox3B6sElrJp5FWgHaED.jpeg,4
animals10/raw-img/squirrel/OIP-Yzl3jUFdXce31xAlj4VcHAHaE8.jpeg,9
animals10/raw-img/cow/OIP-SSu1VqLjOa0O_rlVubCglQHaE8.jpeg,3
animals10/raw-img/cat/469.jpeg,1
animals10/raw-img/dog/OIP-MmbzRGKElo5mC5xoC89KwgAAAA.jpeg,4
animals10/raw-img/horse/OIP-SwibBPTOj-GPpSOKTY4vIwHaE8.jpeg,6
animals10/raw-img/chicken/OIP-2lc7tpFI404OqX9xhR7-XwHaHY.jpeg,2
animals10/raw-img/cat/887.jpeg,1
animals10/raw-img/horse/OIP-H_HRksmxjNWB3QJY58lv1gHaEk.jpeg,6
animals10/raw-img/squirrel/OIP-Og2UqInx6FRHMaOX5188nQHaE8.jpeg,9
animals10/raw-img/horse/OIP-_4xQfMZofBLJHN-EjvNIbAHaFa.jpeg,6
animals10/raw-img/horse/OIP-6hPUhNPaiC_JB-G3aXslNgHaEK.jpeg,6
animals10/raw-img/elephant/ea36b00b2ff6043ed1584d05fb1d4e9fe777ead218ac104497f5c978a4efb4bb_640.jpg,5
animals10/raw-img/sheep/OIP-MoPKWxSeiYvbRcNFPqgm7gHaE7.jpeg,7
animals10/raw-img/cat/1645.jpeg,1
animals10/raw-img/cow/OIP-6AbyUGQyx02003GG9mY8UwHaEA.jpeg,3
animals10/raw-img/dog/OIP-bCqNJq0MPAC05rA_2ZK31gAAAA.jpeg,4
animals10/raw-img/squirrel/OIP-Y3J40kPpx5SvYguQ4MzCsAHaEq.jpeg,9
animals10/raw-img/spiders/OIP-HjNy0JvSoTt6rqCt0H7v3QAAAA.jpeg,8
animals10/raw-img/sheep/OIP-tg4te44vAf7BNzUv0YcXAwHaE8.jpeg,7
animals10/raw-img/butterfly/OIP-RyIlj1w-gaCW66YiX3MQBAAAAA.jpeg,0
animals10/raw-img/horse/OIP-jremeZ1GmuPI9mHUUnLz3gHaE9.jpeg,6
animals10/raw-img/horse/OIP-Eiob6VzXz6Lc4RiEQFKRpQHaFY.jpeg,6
animals10/raw-img/cow/OIP-PUB35rMctZcdjw38ad_VxQHaD4.jpeg,3
animals10/raw-img/butterfly/OIP-GO3J6K3UzIWLTAUbiI85CwHaFx.jpeg,0
animals10/raw-img/cow/OIP-DhNWOkcWYB66MzY_PTZYQwAAAA.jpeg,3
animals10/raw-img/cat/1376.jpeg,1
animals10/raw-img/dog/OIP-nx0FoxEwecISiyXgwBHeJgHaLH.jpeg,4
animals10/raw-img/squirrel/OIP-eioW6uSt_5UnX7wi8maAoAHaIf.jpeg,9
animals10/raw-img/elephant/OIP-71lcMwCNZWoSJ44pTKpsGAHaFC.jpeg,5
animals10/raw-img/squirrel/OIP-ZGnxE9nAtbq0cmgNyEvDUAHaLJ.jpeg,9
animals10/raw-img/squirrel/OIP-cCBThtJCH32nEM_dRnxa1gHaE9.jpeg,9
animals10/raw-img/horse/OIP-RqG4Po1v5T8LSGOhSh1rEQHaEo.jpeg,6
animals10/raw-img/elephant/OIP-AFNmTN_C0pIy3PFlvnrdmgHaE8.jpeg,5
animals10/raw-img/cow/OIP-V0baI4uuQJNfzTqbniNOcwAAAA.jpeg,3
animals10/raw-img/chicken/OIP-It4U_2aELJB4U698NIEDawHaFj.jpeg,2
animals10/raw-img/horse/OIP-rvbEPO7N1otz-is-aXlcnQHaFj.jpeg,6
animals10/raw-img/chicken/OIP-kBtLBVwXn1hnlVeVQqechQHaFj.jpeg,2
animals10/raw-img/chicken/OIP-mh5qRAZNobYUgIbiVZ0z0gHaFj.jpeg,2
animals10/raw-img/cat/1589.jpeg,1
animals10/raw-img/cat/1104.jpeg,1
animals10/raw-img/elephant/ea35b20a2bf7053ed1584d05fb1d4e9fe777ead218ac104497f5c978a4efbcb0_640.jpg,5
animals10/raw-img/elephant/OIP-WBn5mHLjmeJjX7xAdPPflAHaEL.jpeg,5
animals10/raw-img/horse/OIP-iJLi4BMgUhg3CvqM5OwvCgHaHr.jpeg,6
animals10/raw-img/elephant/eb32b60929f0093ed1584d05fb1d4e9fe777ead218ac104497f5c978a4efb4bb_640.jpg,5
animals10/raw-img/sheep/eb33b7092cfc073ed1584d05fb1d4e9fe777ead218ac104497f5c978a6ebb3bf_640.jpg,7
animals10/raw-img/horse/OIP-obaO6JoVUPq6EnTw4HjyAwHaFj.jpeg,6
animals10/raw-img/spiders/OIP-pGihxbFt0b1bvbbgJYGLCAHaFj.jpeg,8
animals10/raw-img/squirrel/OIP-Fca4hyTRF3AH1LJEmKu5XQHaJy.jpeg,9
animals10/raw-img/chicken/OIP-JRStfdfy4vQal1Sqcdc-ugHaIP.jpeg,2
animals10/raw-img/squirrel/OIP-c6JVwxJ5hDjkSxJEbIjomwHaFj.jpeg,9
animals10/raw-img/squirrel/OIP-iX5uVodueF8xOwsrnnI_uwHaJ4.jpeg,9
animals10/raw-img/elephant/ea36b30a21f3043ed1584d05fb1d4e9fe777ead218ac104497f5c978a4efb4bb_640.jpg,5
animals10/raw-img/chicken/1218.jpeg,2
animals10/raw-img/spiders/OIP-CRi2Q1qU4yb3mSj0yYINSAHaFS.jpeg,8
animals10/raw-img/cat/1765.jpeg,1
animals10/raw-img/horse/OIP-WUE6Bd5mWkjAE1x5u8UXQwHaFj.jpeg,6
animals10/raw-img/squirrel/OIP-Odv6lFF6mtxbczn_d90ouAAAAA.jpeg,9
animals10/raw-img/elephant/OIP-VC6pX0aP4-OEoBF2nO997wHaIS.jpeg,5
animals10/raw-img/spiders/OIP-4QCk0X6OuJO5Q9f7Klmh4AHaHL.jpeg,8
animals10/raw-img/cat/132.jpeg,1
animals10/raw-img/butterfly/OIP-bzYrWPcxQwPU8RgsSPDOZgHaEo.jpeg,0
animals10/raw-img/cow/OIP-2alswI1Ju3eSZlA3otQgygHaE8.jpeg,3
animals10/raw-img/cat/125.jpeg,1
animals10/raw-img/elephant/ea37b80b21fc053ed1584d05fb1d4e9fe777ead218ac104497f5c978a4efb4bb_640.jpg,5
animals10/raw-img/cow/OIP-eJyu5QZkWyDMXuEZI5n74wHaFa.jpeg,3
animals10/raw-img/horse/OIP-TQdvHWHgTthjcs01YLnq1QAAAA.jpeg,6
animals10/raw-img/sheep/OIP-B-KIcjSDs-jkSr_FkSfvtQHaF0.jpeg,7
animals10/raw-img/dog/OIP-Zo1nfsyQHDFYpfk9Je_GsQHaGn.jpeg,4
animals10/raw-img/dog/OIP-O9tlBspAUgNiikNaLHqN9gHaGe.jpeg,4
animals10/raw-img/cat/1758.jpeg,1
animals10/raw-img/sheep/OIP-hQujr6_d96F432mEnY-7YgAAAA.jpeg,7
animals10/raw-img/cow/OIP-QUsz1G1YcAh6CrGIYLAqcAHaE5.jpeg,3
animals10/raw-img/chicken/OIP-QmQoHPxm2qRPiQ2Pi39aegHaE8.jpeg,2
animals10/raw-img/butterfly/ea31b30e2ef41c22d2524518b7444f92e37fe5d404b0144390f8c770a2e9b5_640.jpg,0
animals10/raw-img/butterfly/OIP-_8tkgZyd_UKyqp6fjKWmTwHaE8.jpeg,0
animals10/raw-img/squirrel/OIP-D1ECpforuq6QEJCzzlUsUAHaE7.jpeg,9
animals10/raw-img/horse/OIP-KtPOaeoSFY5A7SAh3QCoQgHaFj.jpeg,6
animals10/raw-img/elephant/OIP-MIWQl8uCgXcxqxhSI-7jBQHaE6.jpeg,5
animals10/raw-img/sheep/OIP-1XWKWguZD1iC3tKWgj0tXwHaFj.jpeg,7
animals10/raw-img/horse/OIP-L550KLpd8k_eXna2TiEfLwHaGw.jpeg,6
animals10/raw-img/spiders/OIP-EGAVUqFTkSOSMYHDJBKfOAHaGw.jpeg,8
animals10/raw-img/butterfly/OIP-w1sZznXBXRD2TFAKLzTvZQHaGF.jpeg,0
animals10/raw-img/sheep/OIP-GeRnJFdeE-Hsj3VOTEl5KAHaEK.jpeg,7
animals10/raw-img/cow/OIP-O8MEDDkATMHnD845LexNlAHaFJ.jpeg,3
animals10/raw-img/horse/OIP-Ua-Zl8P9qDuHxWJnMHH_-wHaFj.jpeg,6
animals10/raw-img/dog/OIP-RjZidvwWaVcljxoeGwi_AAHaK7.jpeg,4
animals10/raw-img/horse/OIP-N5UDFTE8qWPeVpSHN0qAWgHaC0.jpeg,6
animals10/raw-img/elephant/OIP-S_DoeCMqrPonB8Zibds2aAHaEN.jpeg,5
animals10/raw-img/squirrel/OIP-1l7Ca_iCFqgdLUnOUfanvgAAAA.jpeg,9
animals10/raw-img/elephant/OIP-9eqO0oPH-fx8hsid0aMizgHaE7.jpeg,5
animals10/raw-img/elephant/OIP-StmJ8r9yCzlrk_1piXTBYAHaJ4.jpeg,5
animals10/raw-img/chicken/OIP-hyzBikuzEhTU2hUOeobT7QHaFj.jpeg,2
animals10/raw-img/butterfly/OIP-KoEGlWRoMctgaU2gvdKnTAHaJV.jpeg,0
animals10/raw-img/sheep/OIP-5K-RBqkPeoxQq_gSdfHadwAAAA.jpeg,7
animals10/raw-img/elephant/ea34b20a2cf4043ed1584d05fb1d4e9fe777ead218ac104497f5c978a4efb4bb_640.jpg,5
animals10/raw-img/chicken/OIP-CLFdvDJheCKC8cORw7zowAHaJ4.jpeg,2
animals10/raw-img/sheep/OIP-MsgYXfhiJOh6_jizbm8n1QHaE8.jpeg,7
animals10/raw-img/cat/1439.jpeg,1
animals10/raw-img/elephant/OIP-PJSUY-FaXjQAgSjTqFckyAHaFU.jpeg,5
animals10/raw-img/cat/ea36b00829f1033ed1584d05fb1d4e9fe777ead218ac104497f5c978a7e8b7bc_640.jpg,1
animals10/raw-img/spiders/OIP-EW6Gm3UyDTO4P-EorznQ_wHaF6.jpeg,8
animals10/raw-img/chicken/OIP-bQ5tHT0PL6olxI-SMiYS7AHaGl.jpeg,2
animals10/raw-img/chicken/OIP-eBefTO5TVGU3hYgeglZybQHaE8.jpeg,2
animals10/raw-img/chicken/OIP-3fBTdzBLZplnFJriKIF-QwHaFj.jpeg,2
animals10/raw-img/horse/OIP-ODnpNniuTzEP6EsmaKFRfAHaFj.jpeg,6
animals10/raw-img/sheep/OIP-T-ffes-gyIBT6mniRnMwzwHaEZ.jpeg,7
animals10/raw-img/sheep/OIP-lCJyoUeMjlppMCi5s50BUwHaIY.jpeg,7
animals10/raw-img/cow/OIP-7BLdrjw0PPYQ10Uz3WOuIwHaE8.jpeg,3
animals10/raw-img/sheep/OIP-ThNqqER36Cqkh9tK5gcyNgHaFj.jpeg,7
animals10/raw-img/cow/OIP-bPcfRCflUE0FuXj4vE0xAAHaFj.jpeg,3
animals10/raw-img/sheep/OIP-nFVyPRwGCZdd2Xi2LfWk9wHaGO.jpeg,7
animals10/raw-img/chicken/OIP-s96T3_DUMj_h_6QgGYrtIgHaFj.jpeg,2
animals10/raw-img/butterfly/ea36b20720f2003ed1584d05fb1d4e9fe777ead218ac104497f5c97faeebb5bb_640.jpg,0
animals10/raw-img/cow/OIP-xbpTROO0gYplf5VD00esCgHaE1.jpeg,3
animals10/raw-img/cat/348.jpeg,1
animals10/raw-img/spiders/OIP-7nnCJ5yMYKbL9TGBBjaNhAHaDt.jpeg,8
animals10/raw-img/cat/475.jpeg,1
animals10/raw-img/dog/OIP--YOIKWP2AP0VVgYTomJcCQAAAA.jpeg,4
animals10/raw-img/dog/OIP-bqnNq-js7_R19JO9-11J1AHaGn.jpeg,4
animals10/raw-img/cat/ea36b60b2bf4063ed1584d05fb1d4e9fe777ead218ac104497f5c978a7eebdbb_640.jpg,1
animals10/raw-img/chicken/OIP--Mo8eyE7R8c5nOWdLrxaQwHaFj.jpeg,2
animals10/raw-img/horse/OIP-oLNkIisMkunjuOhw7w_AIwHaEI.jpeg,6
animals10/raw-img/chicken/OIP-4AKJ7AnYtPiWkfNQ8lh8gAFNC7.jpeg,2
animals10/raw-img/spiders/OIP-qhlrgvaBVX0qUvajg6066QHaE8.jpeg,8
animals10/raw-img/horse/OIP-XIpit4In7_ltF0Cp-3bi7gHaFj.jpeg,6
animals10/raw-img/cat/1075.jpeg,1
animals10/raw-img/elephant/OIP-AU3cEsmHGFYGGEGhZwhLJQHaEK.jpeg,5
animals10/raw-img/spiders/OIP-5jSAnXyGg_pa97bHBRocHgHaIA.jpeg,8
animals10/raw-img/squirrel/OIP-HC9VI766js3rCYFycxnEGwEsCo.jpeg,9
animals10/raw-img/elephant/ea37b20d2ff7053ed1584d05fb1d4e9fe777ead218ac104497f5c978a4efb4bb_640.jpg,5
animals10/raw-img/sheep/eb37b2082bf6033ed1584d05fb1d4e9fe777ead218ac104497f5c978a6ebb3bf_640.jpg,7
animals10/raw-img/horse/OIP-3eHKwC658f_7NicCVmh0XwEsDw.jpeg,6
animals10/raw-img/horse/OIP-m4hSfpYm8G9IedWeKol5bgHaE-.jpeg,6
animals10/raw-img/cat/1733.jpeg,1
animals10/raw-img/cat/1856.jpeg,1
animals10/raw-img/dog/OIP-dOwLl1xKVTgkg6cPQ016UQHaGu.jpeg,4
animals10/raw-img/cat/137.jpeg,1
animals10/raw-img/squirrel/OIP-BviLRfEvmGwMvjEfTI7hbQHaE0.jpeg,9
animals10/raw-img/spiders/OIP-bhm8bMH49-5otcokEP3mJQHaGO.jpeg,8
animals10/raw-img/squirrel/OIP-rYz1qHcgL6qjaXOW7jO-swHaFo.jpeg,9
animals10/raw-img/horse/OIP-Ptu6EJPxt0nwlzrxLPVznwHaEo.jpeg,6
animals10/raw-img/butterfly/OIP-GYKI9kAqhr52ubknmSF9vwHaLH.jpeg,0
animals10/raw-img/horse/OIP-Sk68RX7ksGY5dTx_wPkykAHaHa.jpeg,6
animals10/raw-img/butterfly/OIP-64IToHXKu7DLlnr7tyjP8AHaHa.jpeg,0
animals10/raw-img/butterfly/OIP-ZVhEK6Z2rrD5gokYFruOFAAAAA.jpeg,0
animals10/raw-img/butterfly/e833b40e28f01c22d2524518b7444f92e37fe5d404b0144390f8c770a1edb6_640.jpg,0
animals10/raw-img/dog/OIP-Oy6PDyc-A_U7yzF_lybiOAHaFj.jpeg,4
animals10/raw-img/elephant/OIP-Hw7U4YQuRDy1PKX0cLDZwQHaGs.jpeg,5
animals10/raw-img/sheep/OIP-lfhw1no4WTO4dnwkMG7lrwHaFU.jpeg,7
animals10/raw-img/butterfly/OIP-JACnjuWEkMe6uOIWb0N5TAHaE7.jpeg,0
animals10/raw-img/spiders/OIP-VeHQQkK_6_-6R7we9nN4_AHaFj.jpeg,8
animals10/raw-img/spiders/OIP-LN0FNtt0FmgxkpvsiMu2BQHaF4.jpeg,8
animals10/raw-img/sheep/ea36b30820f1023ed1584d05fb1d4e9fe777ead218ac104497f5c978a6e8b0b1_640.jpg,7
animals10/raw-img/horse/OIP-QHUJ9tvH_E4x2YrFTjxXWgHaFj.jpeg,6
animals10/raw-img/horse/OIP-hg9dWY3-K_rw7BmqCL2-_AHaLH.jpeg,6
animals10/raw-img/cow/OIP-QCiTY2HsVvh0icPM_CQYXAHaFj.jpeg,3
animals10/raw-img/horse/OIP-DCjv5kd9j1fy_WFQoogecAHaFb.jpeg,6
animals10/raw-img/chicken/OIP-Xh-FAj1FvJ4XzL3zjTP2zgHaFq.jpeg,2
animals10/raw-img/dog/OIP-trN42ssDMu6iO-1IW1qPfwHaHa.jpeg,4
animals10/raw-img/squirrel/OIP-i9HgaFN9sduzt6u9Sfz-cgHaFa.jpeg,9
animals10/raw-img/elephant/OIP-eOuoCsdfcco8OgTLQgyFtwHaE7.jpeg,5
animals10/raw-img/horse/OIP-VkkIcHpsjG19KoKrpvL5HgAAAA.jpeg,6
animals10/raw-img/cow/OIP-mqeSVrU3IOP-uAGzkeKBOQHaFj.jpeg,3
animals10/raw-img/cat/ea37b4082af1003ed1584d05fb1d4e9fe777ead218ac104497f5c978a7e8b7bc_640.jpg,1
animals10/raw-img/dog/OIP-L8sE0i1kKISofpP_lFAyygHaFj.jpeg,4
animals10/raw-img/butterfly/OIP-xTvQNBk_VuZhvbDvdud2bwHaEK.jpeg,0
animals10/raw-img/squirrel/OIP-b3D5NfgJsPGOE3eB6elQRAHaEK.jpeg,9
animals10/raw-img/cow/OIP-BZiF52bYo1geI4ea3mzPHwHaJg.jpeg,3
animals10/raw-img/cat/226.jpeg,1
animals10/raw-img/butterfly/OIP-_JN6IOzxLhpX1nsOaLkMWwHaF_.jpeg,0
animals10/raw-img/chicken/OIP-z4HSeK__ZR11grSe5j4c6QHaE8.jpeg,2
animals10/raw-img/butterfly/OIP--BwCcfYAvrI0U8yYgWplXwHaF1.jpeg,0
animals10/raw-img/spiders/OIP-Kp1NrNuuiPjfFoMnxFjX7AHaJJ.jpeg,8
animals10/raw-img/cow/OIP-VBdwsDY3JLcZ6PJCxJJYlwHaE7.jpeg,3
animals10/raw-img/chicken/OIP-2o1JeTlIo4uVws6EyM25VwHaFj.jpeg,2
animals10/raw-img/sheep/OIP-vL_uS7zs2WYfbNImPcm1ZAHaEK.jpeg,7
animals10/raw-img/squirrel/OIP-4p0BKMRGbT9w0VNrj16eYQHaE8.jpeg,9
animals10/raw-img/butterfly/OIP-TitiZOH4DxdayNVLnofTlAHaI4.jpeg,0
animals10/raw-img/squirrel/OIP-1cGyBG5VvAiMlB88JpLZfgHaD4.jpeg,9
animals10/raw-img/elephant/OIP-IVPjtGfcVlA9QEvIA0U5NAAAAA.jpeg,5
animals10/raw-img/sheep/OIP-hfxCGH1jncKF6-yBdDKqRQHaFj.jpeg,7
animals10/raw-img/dog/OIP-MFBO5ZcswaNLJDpfBK1ahgHaFc.jpeg,4
animals10/raw-img/sheep/e830b70621f1003ed1584d05fb1d4e9fe777ead218ac104497f5c978a6eab2b0_640.jpg,7
animals10/raw-img/cow/OIP-aQ7lTvrYeScXc1nagz4u3AAAAA.jpeg,3
animals10/raw-img/butterfly/eb3db20b28fc053ed1584d05fb1d4e9fe777ead218ac104497f5c97faee8b1b8_640.png,0
animals10/raw-img/sheep/OIP-BFmVMtavF7PTbJzzBdncRQHaEV.jpeg,7
animals10/raw-img/squirrel/OIP-C4J_FKWS0QFgvU-GISHZAgHaFl.jpeg,9
animals10/raw-img/horse/OIP-N7dSpGEf_7oUVrjsLUR-jwHaE7.jpeg,6
animals10/raw-img/cow/OIP-_01xh7qI0nvypZLkOxGyIgHaFi.jpeg,3
animals10/raw-img/butterfly/OIP-3MmnMiIQXjPLP_VzE1kTswAAAA.jpeg,0
animals10/raw-img/sheep/OIP-XB2aZ_ar8-_PD1cVHAXywgHaE8.jpeg,7
animals10/raw-img/squirrel/OIP-0lMqu79_kHTI9Zlo2vEsKwHaFE.jpeg,9
animals10/raw-img/dog/OIP-D2d-6nMVB46QCp82PwbKBQHaDt.jpeg,4
animals10/raw-img/butterfly/ea36b40f2af4093ed1584d05fb1d4e9fe777ead218ac104497f5c97faeebb5bb_640.jpg,0
animals10/raw-img/sheep/OIP-EUr6u923VCEDE43Doz7MbAAAAA.jpeg,7
animals10/raw-img/cow/OIP-r2dqXi1OTUQt8Mtbib3CrgHaFo.jpeg,3
animals10/raw-img/cow/OIP-3NkmZ9X2nHzETIkePckXvAHaFz.jpeg,3
animals10/raw-img/elephant/OIP-SBpqTsaBUCczsby8AD4ueQHaEK.jpeg,5
animals10/raw-img/dog/OIP-AbvhcUxuEp2P_YLeH3h-rwHaId.jpeg,4
animals10/raw-img/spiders/OIP-VV8_bfxg_vBaOjUH4dpACgHaFL.jpeg,8
animals10/raw-img/spiders/OIP-vxydpAV-s1N_W2jUa1xujAAAAA.jpeg,8
animals10/raw-img/cow/OIP-Hd_J2VEKBcd_0h2PA3oeagHaFj.jpeg,3
animals10/raw-img/cow/OIP-VbwFyciGnX2IZLA0Pqr9mwAAAA.jpeg,3
animals10/raw-img/sheep/OIP-UrQxc6ZuSVIm9I39fyeD-AHaDf.jpeg,7
animals10/raw-img/cow/OIP-FpvicgssLIhLBkTNvIfEHwHaFj.jpeg,3
animals10/raw-img/squirrel/OIP-NWumR35T42orC8rLAc_L8AHaFk.jpeg,9
animals10/raw-img/horse/OIP-Y_XEtZ50Gb_5slvlPipxBwAAAA.jpeg,6
animals10/raw-img/cat/779.jpeg,1
animals10/raw-img/butterfly/OIP-vCyEvijOe9f2vcyecvvs9wAAAA.jpeg,0
animals10/raw-img/chicken/514.jpeg,2
animals10/raw-img/cow/OIP-VU0ZxKGnuZFDW3vfOs8sawHaFh.jpeg,3
animals10/raw-img/horse/OIP-3cmiGMji1-FEXCK0YEzcfAHaE8.jpeg,6
animals10/raw-img/elephant/OIP-LEuNTgWXXum0YJDAVehlwQHaFj.jpeg,5
animals10/raw-img/chicken/OIP-02eikDZOzCE3zTkjL-58WgHaNK.jpeg,2
animals10/raw-img/squirrel/OIP-ERF65f74SxhMZ2-FFX9STAHaDQ.jpeg,9
animals10/raw-img/cat/442.jpeg,1
animals10/raw-img/chicken/OIP-6dzg9pEiFCPxwHwFnJG8VQHaF6.jpeg,2
animals10/raw-img/elephant/OIP-75vHPzzQWsvAx4_0eRfaeQHaFw.jpeg,5
animals10/raw-img/butterfly/OIP-m5Ir2OjvXXDodgTnuwGmdwHaFj.jpeg,0
animals10/raw-img/cat/1646.jpeg,1
animals10/raw-img/sheep/OIP-3oNvI86HvdwenYHoMd6J9AHaE8.jpeg,7
animals10/raw-img/butterfly/OIP-q1LO6QDhglL58HoGVmzelAHaKs.jpeg,0
animals10/raw-img/butterfly/OIP-SAexHo5gbI_VJl-T1tfrkgHaE7.jpeg,0
animals10/raw-img/elephant/OIP-7EIVbflWulEso5ASPEUbtQAAAA.jpeg,5
animals10/raw-img/butterfly/OIP-chhe9ICXvOHcgjbIGzE1ngHaFj.jpeg,0
animals10/raw-img/cat/350.jpeg,1
animals10/raw-img/horse/OIP-ut7IoMEyIKeIr_HR8zBlIQHaFG.jpeg,6
animals10/raw-img/horse/OIP-kgWRifS_mVl-jYY-Mo18NAHaFb.jpeg,6
animals10/raw-img/dog/OIP-AEtoGZescmP__bbZdJoBCAHaLH.jpeg,4
animals10/raw-img/elephant/eb3cb10c2ef5063ed1584d05fb1d4e9fe777ead218ac104497f5c978a4eebdbd_640.jpg,5
animals10/raw-img/dog/OIP-C_0Z6sEK8Jzo2bhW7wbmvAHaEK.jpeg,4
animals10/raw-img/sheep/OIP-dTnZ5GPY__u5s7I5SotfZQHaE9.jpeg,7
animals10/raw-img/sheep/ea37b10720fd093ed1584d05fb1d4e9fe777ead218ac104497f5c978a6e8b0b1_640.jpg,7
animals10/raw-img/butterfly/OIP-Id7oEUR-tfHb7dw4O_RUAgHaHa.jpeg,0
animals10/raw-img/squirrel/OIP-h3DnbBYwluYyFzT6316RGwHaFC.jpeg,9
animals10/raw-img/horse/OIP-o0Al9sHXrf9Guj-VkQZHiAHaFi.jpeg,6
animals10/raw-img/butterfly/OIP-MwBAFNwvzgbUfW5bj_L3TQHaIL.jpeg,0
animals10/raw-img/sheep/OIP-uBDA4VvyhRTOoWj9O0zhVwHaFL.jpeg,7
animals10/raw-img/cat/1744.jpeg,1
animals10/raw-img/sheep/e83db1072cf6013ed1584d05fb1d4e9fe777ead218ac104497f5c978a6eab2b0_640.jpg,7
animals10/raw-img/horse/OIP-R_PVKOOze_nNKmWwpe0P5gHaE2.jpeg,6
animals10/raw-img/dog/OIP-Pr0qFzFVU_kOhUUYyYQrrgHaEK.jpeg,4
animals10/raw-img/sheep/OIP-vdQbmMeJtO534JFNjZYaTgHaFj.jpeg,7
animals10/raw-img/butterfly/OIP-k2c3MJtV9bO4abMeKOZkngHaFj.jpeg,0
animals10/raw-img/dog/OIP-dYoiyaJE7MAZ25N-XgPOIwHaHa.jpeg,4
animals10/raw-img/horse/OIP-nfKh5OekHyLJhZZg6mQ5sQHaFx.jpeg,6
animals10/raw-img/sheep/OIP-0Leu7-QbJOZbVPqXWh0nsAHaLI.jpeg,7
animals10/raw-img/butterfly/OIP-n7lv_8KpI7HBs8CP9i6ULgHaFj.jpeg,0
animals10/raw-img/butterfly/OIP-Hm9KJqAsxPyTftXtcoiVOQHaFj.jpeg,0
animals10/raw-img/cat/1515.jpeg,1
animals10/raw-img/cow/OIP-ay4LFpIu57W2PVMIVQCpVQAAAA.jpeg,3
animals10/raw-img/spiders/OIP-lZhcqQ4IsqV_u1ost0ez0gHaE8.jpeg,8
animals10/raw-img/horse/OIP-RJnkKahsMBCrZ9yyjMgXQQHaFj.jpeg,6
animals10/raw-img/spiders/OIP-DZtR5tRllrzpOf7uUYhmngHaH_.jpeg,8
animals10/raw-img/cat/eb34b90b2efc033ed1584d05fb1d4e9fe777ead218ac104497f5c978a7eebdbb_640.jpg,1
animals10/raw-img/chicken/OIP-adoM08nbXhIwoJV9tplJCAHaE8.jpeg,2
animals10/raw-img/butterfly/ed3cb00e2ef21c22d2524518b7444f92e37fe5d404b0144390f8c770a3e5b7_640.jpg,0
animals10/raw-img/dog/OIP-pu12ywD-avPvaMz_jtleNQHaLI.jpeg,4
animals10/raw-img/spiders/OIP-kYEJMe7KJZXVe1dnHRoUpwAAAA.jpeg,8
animals10/raw-img/squirrel/OIP-vkRdW7Fedh--4Q5ITWSyuQHaEK.jpeg,9
animals10/raw-img/cow/OIP-dyyVwwWm8yRdKms-IRCoMgHaDM.jpeg,3
animals10/raw-img/cow/OIP-eUb0do8w6cqyF2uXGl-UPQHaFj.jpeg,3
animals10/raw-img/squirrel/OIP-cc50LzvV_Svt2N7eG1yWmwHaFb.jpeg,9
animals10/raw-img/cow/OIP-swq3FzBcTnhf3bqMomKoxQHaE7.jpeg,3
animals10/raw-img/butterfly/OIP-im-fgWmtX6-oRasys4GDMAHaGa.jpeg,0
animals10/raw-img/cow/OIP-H_LD0F--9VrJPb01K294ugAAAA.jpeg,3
animals10/raw-img/butterfly/OIP-EMGZRBlz8vIQrpfpm6gDrQHaEK.jpeg,0
animals10/raw-img/horse/OIP-BBfUbB7xLjz2xSjnqqtRtwHaE8.jpeg,6
animals10/raw-img/chicken/OIP-Vfl2-_4LGBDae3BV1B55lwHaD4.jpeg,2
animals10/raw-img/spiders/OIP-fHDnFKGo7Dfzy-Lq3SjllwHaE7.jpeg,8
animals10/raw-img/dog/OIP-Gyurkz_fqEM3iisGvHzQMAHaGI.jpeg,4
animals10/raw-img/spiders/OIP-8VrKbOW04dLIwrTar3Jy2wHaFD.jpeg,8
animals10/raw-img/squirrel/OIP-5CShr9oi4sZdDxH3AAVnlgHaLH.jpeg,9
animals10/raw-img/cat/1949.jpeg,1
animals10/raw-img/elephant/OIP-AN8XErKGbVRBcmaLH0P1VQHaFj.jpeg,5
animals10/raw-img/chicken/OIP-H7c7K9Xv7-0FSegekTi7GAHaIM.jpeg,2
animals10/raw-img/squirrel/OIP-OxKpVYG2FTvkgc32AdbdVAHaIy.jpeg,9
animals10/raw-img/dog/OIP-cBPjxP67DZGtT1yyAhzZtQHaFj.jpeg,4
animals10/raw-img/squirrel/OIP-M8JOEUgSg0TcQtsrA9z3cQHaEK.jpeg,9
animals10/raw-img/spiders/OIP-Svth6v-e_LxRqyujVvfDnwHaHg.jpeg,8
animals10/raw-img/dog/OIP-HV3Poa9HHxZ4Qc92TlJ_ygHaFc.jpeg,4
animals10/raw-img/sheep/OIP-cQr9XhtIGD9s0MB92mEo8wHaLH.jpeg,7
animals10/raw-img/squirrel/OIP-ye7thQ5-qCtZxXZJqYwnbwAAAA.jpeg,9
animals10/raw-img/cat/1301.jpeg,1
animals10/raw-img/squirrel/OIP-cnmr4asX-mDGl1-RsJkcwwHaFR.jpeg,9
animals10/raw-img/squirrel/OIP-eWafU_Pv-9VusUdpeaAIBQHaE8.jpeg,9
animals10/raw-img/elephant/e837b90b2afc043ed1584d05fb1d4e9fe777ead218ac104497f5c978a4eebdbd_640.jpg,5
animals10/raw-img/elephant/OIP-7egGpU_yZb_zVMy8pueiiwHaEo.jpeg,5
animals10/raw-img/butterfly/OIP-HRJFCbzgQ5U0Rg7k8ftszAHaD7.jpeg,0
animals10/raw-img/cow/OIP-yTlS82zJzQbFqYdkCJ_w1gAAAA.jpeg,3
animals10/raw-img/butterfly/OIP-3vkqCMkDHpHdTrkSLIhgawAAAA.jpeg,0
animals10/raw-img/chicken/OIP-cNgyeNfgW7-6GcL7uKoO2QAAAA.jpeg,2
animals10/raw-img/dog/OIP-jbpreTVU6Kwrl-8QYrx9NgHaE7.jpeg,4
animals10/raw-img/horse/OIP-KbOGMyfxjp9Bbv5hu3IQtwHaHa.jpeg,6
animals10/raw-img/butterfly/OIP-Y1YKe3BXjVxsN0iF4jKW9QHaEV.jpeg,0
animals10/raw-img/dog/OIP-Auo-UqKRH_lMZtyZDy3f_gHaGt.jpeg,4
animals10/raw-img/chicken/1096.jpeg,2
animals10/raw-img/spiders/OIP-wVsE0wbGtVkgIhOC2LNFqwHaGL.jpeg,8
animals10/raw-img/spiders/OIP-cVlQCgNOSjcRior33ogGwwHaHa.jpeg,8
animals10/raw-img/chicken/OIP-RxkDMlC41Yv8-PRysRkdngHaJt.jpeg,2
animals10/raw-img/elephant/OIP-SY4wnHw3SNLEzhUc5os7bwHaE_.jpeg,5
animals10/raw-img/sheep/OIP-82XhyTvf8XoQ38u7_S8EtQHaEo.jpeg,7
animals10/raw-img/squirrel/OIP-Uj4Apb-bREc4me_XHmX-QQHaE6.jpeg,9
animals10/raw-img/elephant/OIP-1I_LCi9E4-xpcinJgWAiFgHaFc.jpeg,5
animals10/raw-img/horse/OIP-fwtVVpVCT2kbWAe7KYqdKQHaGK.jpeg,6
animals10/raw-img/dog/OIP-LfZfJMcoa7vKgpxeD43H4gHaGJ.jpeg,4
animals10/raw-img/sheep/OIP-XmG0ExcVYpWaFLV_vakrtQHaFj.jpeg,7
animals10/raw-img/cow/OIP-EOzXrlmHe0AkixA6tSo54gHaFJ.jpeg,3
animals10/raw-img/cow/OIP-cBM5tLvaQTs9d3sXonvpNgAAAA.jpeg,3
animals10/raw-img/dog/OIP-CEo3sFzKoSMSFGQrKrdFpwHaGq.jpeg,4
animals10/raw-img/cow/OIP-TiHP-in5ASS-0NF8u2OVqAHaE8.jpeg,3
animals10/raw-img/cow/OIP-1x8XOsvNxvL9UGQvfTo6igHaFj.jpeg,3
animals10/raw-img/chicken/OIP-2nbjhBG_cB-U-T2eSs94pwHaHa.jpeg,2
animals10/raw-img/horse/OIP-RokuFWvLl7k2rHjxvRFHhgHaFc.jpeg,6
animals10/raw-img/cow/OIP-EebCZqdEet9hwwjJj1Py0gHaFS.jpeg,3
animals10/raw-img/sheep/OIP-PKqjIzkKoRJyGt_An2XhcgHaFj.jpeg,7
animals10/raw-img/spiders/OIP-GmlaCaZ1V4Yvo_2uWXwsTgAAAA.jpeg,8
animals10/raw-img/elephant/OIP-9fxwdrho2CI0bWCa8XHoiwHaFj.jpeg,5
animals10/raw-img/sheep/OIP-y9FHsHXaTRYs4T5q3MCwXQHaFv.jpeg,7
animals10/raw-img/cat/476.jpeg,1
animals10/raw-img/squirrel/OIP-K6c5jdujJgGS0FmEleumBQAAAA.jpeg,9
animals10/raw-img/horse/OIP-q2x22ZwipaB13OZbWAl7qQHaF0.jpeg,6
animals10/raw-img/cow/OIP-2h83tEtPUJS2PiCLCR6-aAHaFO.jpeg,3
animals10/raw-img/chicken/OIP-Q_oC_crK-XxdlqvHTbUG1QHaFj.jpeg,2
animals10/raw-img/chicken/OIP-2-UK2DyeeNUtYuyH1lMJnAHaFL.jpeg,2
animals10/raw-img/butterfly/OIP-W1XDuPUekcmUQUGiCBI0DAHaE9.jpeg,0
animals10/raw-img/butterfly/ea37b1082bfc093ed1584d05fb1d4e9fe777ead218ac104497f5c97faee9bdba_640.jpg,0
animals10/raw-img/squirrel/OIP-yka4v1ZUQe3hUWhp6Aq7tQAAAA.jpeg,9
animals10/raw-img/cow/OIP-8iu0zJNam-hzUiSkyhMmqgHaCj.jpeg,3
animals10/raw-img/chicken/OIP-mVjYRKo22WQiDWSC_aeAjQHaHa.jpeg,2
animals10/raw-img/cat/657.jpeg,1
animals10/raw-img/chicken/912.jpeg,2
animals10/raw-img/sheep/OIP-FYS5xf1Lg_x8wdOpwj4HyAHaGP.jpeg,7
animals10/raw-img/dog/OIP-qJrOayNeNYbu0P_ZN_ge2gHaHj.jpeg,4
animals10/raw-img/squirrel/OIP-eMv8s_CIrXtQQVOG1UPO1wHaE7.jpeg,9
animals10/raw-img/cow/OIP--aZkgJekoo6fjs3pfBRsBAHaE8.jpeg,3
animals10/raw-img/elephant/OIP-Ba16VdaMdGXRR2l3FI2ymgAAAA.jpeg,5
animals10/raw-img/chicken/OIP-px0Bcptgp-grRrlQA_S7oQHaFj.jpeg,2
animals10/raw-img/squirrel/OIP-dYxRT7dUfAxQ2ciStnd8GgHaDt.jpeg,9
animals10/raw-img/horse/OIP-Y-hB14A3coI7TEgrEew0UAHaFj.jpeg,6
animals10/raw-img/cat/826.jpeg,1
animals10/raw-img/sheep/OIP-WD7YjIa-qADW6wVhafTy5gHaFb.jpeg,7
animals10/raw-img/spiders/OIP-FgoOSLqW4d15JmZ3MxLncwHaFS.jpeg,8
animals10/raw-img/spiders/OIP-MD95zvNQyjSgFaEPonBPUgHaLI.jpeg,8
animals10/raw-img/elephant/OIP-Rfj7SasAaF6o8En3hGtpfwHaF7.jpeg,5
animals10/raw-img/dog/OIP-7438S2Nl-MrNsGT0nWJJeQHaFZ.jpeg,4
animals10/raw-img/spiders/OIP-qMA3WxgQh57lrRmi8EleZgAAAA.jpeg,8
animals10/raw-img/horse/OIP-ZKrYHm7MUopxa0a7BaKvNAHaFj.jpeg,6
animals10/raw-img/elephant/OIP-DdVIXn_LChCQ_lq0r_2afwHaE8.jpeg,5
animals10/raw-img/cat/1688.jpeg,1
animals10/raw-img/butterfly/ea36b10929f6023ed1584d05fb1d4e9fe777ead218ac104497f5c97faeebb5bb_640.jpg,0
animals10/raw-img/dog/OIP--RzOJndNB4Agj6qql-XvGAHaH7.jpeg,4
animals10/raw-img/dog/OIP-Y0O4gcL8TRLLlnfPkGTVOgHaMi.jpeg,4
animals10/raw-img/spiders/OIP-mHKRUjp7DUBCyoRfWGK4GwHaE8.jpeg,8
animals10/raw-img/elephant/OIP-oJoWTsnADtufjeXd-ky1ZAHaEK.jpeg,5
animals10/raw-img/squirrel/OIP-W8MR_y2t4vJ0O0QVYrGHIgHaGM.jpeg,9
animals10/raw-img/squirrel/OIP-wa8-LksmlxT0dUsblXX6_QHaHA.jpeg,9
animals10/raw-img/cat/892.jpeg,1
animals10/raw-img/chicken/601.jpeg,2
animals10/raw-img/elephant/OIP-7ZsL7LHkQIXBzT0hLE3jNAHaEK.jpeg,5
animals10/raw-img/cow/OIP-9ahuXBUuBhX-yMOs0hlTWwHaFj.jpeg,3
animals10/raw-img/squirrel/OIP-bkMmUTTHSsimwwUEefeqlQAAAA.jpeg,9
animals10/raw-img/chicken/OIP-sGOy1o3yu4ObGEJdVP7PZwHaEp.jpeg,2
animals10/raw-img/butterfly/e833b50c2df5013ed1584d05fb1d4e9fe777ead218ac104497f5c97faee8b1b8_640.jpg,0
animals10/raw-img/dog/OIP-nQpf8AYS5m9pvgRMrxYyvwHaGO.jpeg,4
animals10/raw-img/spiders/OIP-EzvFJcDeX5LB3VjleDtdrwHaHa.jpeg,8
animals10/raw-img/cow/OIP-BoPr3fx0wl_d_PcKSvTiFgHaK1.jpeg,3
animals10/raw-img/butterfly/OIP-HnssZSKncsXlfiJOgvCWQAHaFi.jpeg,0
animals10/raw-img/cow/OIP-4wg4_NLI_RNT0qekTFApLQHaFS.jpeg,3
animals10/raw-img/sheep/OIP-fbzIyOJWRiND3nl6M8dbsQHaHa.jpeg,7
animals10/raw-img/spiders/OIP-QPJB2WqWzLfjiMPEAL874gHaFj.jpeg,8
animals10/raw-img/dog/OIP-mCA9GDGqLdyQDZlcIJI4IQHaFj.jpeg,4
animals10/raw-img/spiders/OIP-CqEobfQ7sjmS5cVPAuc8JQHaEK.jpeg,8
animals10/raw-img/squirrel/OIP-BLQsXJseejmfMSfZdZpTGQHaE8.jpeg,9
animals10/raw-img/chicken/OIP-KHdbUWxf3JAyrE14fBu2twHaFj.jpeg,2
animals10/raw-img/spiders/OIP-qvtvlHWJipEiWVNNM6jy_wHaE7.jpeg,8
